"年月日","曜","1","2","3","4","5","6","7","8","9","10","11","12","13","14"
#2025-04-01#,"火","リプラ","リプラ","リプラ","資源",,"不燃","他プラ","可燃","可燃","可燃","可燃","可燃","可燃","可燃"
#2025-04-02#,"水","他プラ","不燃",,"リプラ","リプラ","リプラ","リプラ","リプラ","リプラ","リプラ","リプラ","リプラ","資源","他プラ"
#2025-04-03#,"木","可燃","可燃","可燃","可燃","可燃","可燃","可燃","不燃",,"他プラ","資源",,"リプラ","リプラ"
#2025-04-04#,"金","不燃","他プラ","他プラ","不燃","資源","資源",,"可燃","可燃","可燃","可燃","可燃","可燃","可燃"
#2025-04-05#,"土",,,,,,,,,,,,,,
#2025-04-06#,"日",,,,,,,,,,,,,,
#2025-04-07#,"月","可燃","可燃","可燃","可燃","可燃","可燃","可燃","資源","他プラ",,"不燃","他プラ",,"不燃"
#2025-04-08#,"火","リプラ","リプラ","リプラ","他プラ","不燃",,"資源","可燃","可燃","可燃","可燃","可燃","可燃","可燃"
#2025-04-09#,"水","資源",,"不燃","リプラ","リプラ","リプラ","リプラ","リプラ","リプラ","リプラ","リプラ","リプラ","他プラ","資源"
#2025-04-10#,"木","可燃","可燃","可燃","可燃","可燃","可燃","可燃",,"不燃","資源","他プラ","不燃","リプラ","リプラ"
#2025-04-11#,"金",,"資源","資源",,"他プラ","他プラ","不燃","可燃","可燃","可燃","可燃","可燃","可燃","可燃"
#2025-04-12#,"土",,,,,,,,,,,,,,
#2025-04-13#,"日",,,,,,,,,,,,,,
#2025-04-14#,"月","可燃","可燃","可燃","可燃","可燃","可燃","可燃","他プラ","資源","不燃",,"資源","不燃",
#2025-04-15#,"火","リプラ","リプラ","リプラ","資源",,"不燃","他プラ","可燃","可燃","可燃","可燃","可燃","可燃","可燃"
#2025-04-16#,"水","他プラ","不燃",,"リプラ","リプラ","リプラ","リプラ","リプラ","リプラ","リプラ","リプラ","リプラ","資源","他プラ"
#2025-04-17#,"木","可燃","可燃","可燃","可燃","可燃","可燃","可燃","不燃",,"他プラ","資源",,"リプラ","リプラ"
#2025-04-18#,"金","不燃","他プラ","他プラ","不燃","資源","資源",,"可燃","可燃","可燃","可燃","可燃","可燃","可燃"
#2025-04-19#,"土",,,,,,,,,,,,,,
#2025-04-20#,"日",,,,,,,,,,,,,,
#2025-04-21#,"月","可燃","可燃","可燃","可燃","可燃","可燃","可燃","資源","他プラ",,"不燃","他プラ",,"不燃"
#2025-04-22#,"火","リプラ","リプラ","リプラ","他プラ","不燃",,"資源","可燃","可燃","可燃","可燃","可燃","可燃","可燃"
#2025-04-23#,"水","資源",,"不燃","リプラ","リプラ","リプラ","リプラ","リプラ","リプラ","リプラ","リプラ","リプラ","他プラ","資源"
#2025-04-24#,"木","可燃","可燃","可燃","可燃","可燃","可燃","可燃",,"不燃","資源","他プラ","不燃","リプラ","リプラ"
#2025-04-25#,"金",,"資源","資源",,"他プラ","他プラ","不燃","可燃","可燃","可燃","可燃","可燃","可燃","可燃"
#2025-04-26#,"土",,,,,,,,,,,,,,
#2025-04-27#,"日",,,,,,,,,,,,,,
#2025-04-28#,"月","可燃","可燃","可燃","可燃","可燃","可燃","可燃","他プラ","資源","不燃",,"資源","不燃",
#2025-04-29#,"火","リプラ","リプラ","リプラ",,,,,"可燃","可燃","可燃","可燃","可燃","可燃","可燃"
#2025-04-30#,"水",,,,"リプラ","リプラ","リプラ","リプラ","リプラ","リプラ","リプラ","リプラ","リプラ",,
#2025-05-01#,"木","可燃","可燃","可燃","可燃","可燃","可燃","可燃","不燃",,"他プラ","資源",,"リプラ","リプラ"
#2025-05-02#,"金","不燃","他プラ","他プラ","不燃","資源","資源",,"可燃","可燃","可燃","可燃","可燃","可燃","可燃"
#2025-05-03#,"土",,,,,,,,,,,,,,
#2025-05-04#,"日",,,,,,,,,,,,,,
#2025-05-05#,"月",,,,,,,,"資源","他プラ",,"不燃","他プラ",,"不燃"
#2025-05-06#,"火",,,,"資源",,"不燃","他プラ",,,,,,,
#2025-05-07#,"水","他プラ","不燃",,"リプラ","リプラ","リプラ","リプラ","リプラ","リプラ","リプラ","リプラ","リプラ","資源","他プラ"
#2025-05-08#,"木","可燃","可燃","可燃","可燃","可燃","可燃","可燃",,"不燃","資源","他プラ","不燃","リプラ","リプラ"
#2025-05-09#,"金",,"資源","資源",,"他プラ","他プラ","不燃","可燃","可燃","可燃","可燃","可燃","可燃","可燃"
#2025-05-10#,"土",,,,,,,,,,,,,,
#2025-05-11#,"日",,,,,,,,,,,,,,
#2025-05-12#,"月","可燃","可燃","可燃","可燃","可燃","可燃","可燃","他プラ","資源","不燃",,"資源","不燃",
#2025-05-13#,"火","リプラ","リプラ","リプラ","他プラ","不燃",,"資源","可燃","可燃","可燃","可燃","可燃","可燃","可燃"
#2025-05-14#,"水","資源",,"不燃","リプラ","リプラ","リプラ","リプラ","リプラ","リプラ","リプラ","リプラ","リプラ","他プラ","資源"
#2025-05-15#,"木","可燃","可燃","可燃","可燃","可燃","可燃","可燃","不燃",,"他プラ","資源",,"リプラ","リプラ"
#2025-05-16#,"金","不燃","他プラ","他プラ","不燃","資源","資源",,"可燃","可燃","可燃","可燃","可燃","可燃","可燃"
#2025-05-17#,"土",,,,,,,,,,,,,,
#2025-05-18#,"日",,,,,,,,,,,,,,
#2025-05-19#,"月","可燃","可燃","可燃","可燃","可燃","可燃","可燃","資源","他プラ",,"不燃","他プラ",,"不燃"
#2025-05-20#,"火","リプラ","リプラ","リプラ","資源",,"不燃","他プラ","可燃","可燃","可燃","可燃","可燃","可燃","可燃"
#2025-05-21#,"水","他プラ","不燃",,"リプラ","リプラ","リプラ","リプラ","リプラ","リプラ","リプラ","リプラ","リプラ","資源","他プラ"
#2025-05-22#,"木","可燃","可燃","可燃","可燃","可燃","可燃","可燃",,"不燃","資源","他プラ","不燃","リプラ","リプラ"
#2025-05-23#,"金",,"資源","資源",,"他プラ","他プラ","不燃","可燃","可燃","可燃","可燃","可燃","可燃","可燃"
#2025-05-24#,"土",,,,,,,,,,,,,,
#2025-05-25#,"日",,,,,,,,,,,,,,
#2025-05-26#,"月","可燃","可燃","可燃","可燃","可燃","可燃","可燃","他プラ","資源","不燃",,"資源","不燃",
#2025-05-27#,"火","リプラ","リプラ","リプラ","他プラ","不燃",,"資源","可燃","可燃","可燃","可燃","可燃","可燃","可燃"
#2025-05-28#,"水","資源",,"不燃","リプラ","リプラ","リプラ","リプラ","リプラ","リプラ","リプラ","リプラ","リプラ","他プラ","資源"
#2025-05-29#,"木","可燃","可燃","可燃","可燃","可燃","可燃","可燃",,,,,,"リプラ","リプラ"
#2025-05-30#,"金",,,,,,,,"可燃","可燃","可燃","可燃","可燃","可燃","可燃"
#2025-05-31#,"土",,,,,,,,,,,,,,
#2025-06-01#,"日",,,,,,,,,,,,,,
#2025-06-02#,"月","可燃","可燃","可燃","可燃","可燃","可燃","可燃","資源","他プラ",,"不燃","他プラ",,"不燃"
#2025-06-03#,"火","リプラ","リプラ","リプラ","資源",,"不燃","他プラ","可燃","可燃","可燃","可燃","可燃","可燃","可燃"
#2025-06-04#,"水","他プラ","不燃",,"リプラ","リプラ","リプラ","リプラ","リプラ","リプラ","リプラ","リプラ","リプラ","資源","他プラ"
#2025-06-05#,"木","可燃","可燃","可燃","可燃","可燃","可燃","可燃","不燃",,"他プラ","資源",,"リプラ","リプラ"
#2025-06-06#,"金","不燃","他プラ","他プラ","不燃","資源","資源",,"可燃","可燃","可燃","可燃","可燃","可燃","可燃"
#2025-06-07#,"土",,,,,,,,,,,,,,
#2025-06-08#,"日",,,,,,,,,,,,,,
#2025-06-09#,"月","可燃","可燃","可燃","可燃","可燃","可燃","可燃","他プラ","資源","不燃",,"資源","不燃",
#2025-06-10#,"火","リプラ","リプラ","リプラ","他プラ","不燃",,"資源","可燃","可燃","可燃","可燃","可燃","可燃","可燃"
#2025-06-11#,"水","資源",,"不燃","リプラ","リプラ","リプラ","リプラ","リプラ","リプラ","リプラ","リプラ","リプラ","他プラ","資源"
#2025-06-12#,"木","可燃","可燃","可燃","可燃","可燃","可燃","可燃",,"不燃","資源","他プラ","不燃","リプラ","リプラ"
#2025-06-13#,"金",,"資源","資源",,"他プラ","他プラ","不燃","可燃","可燃","可燃","可燃","可燃","可燃","可燃"
#2025-06-14#,"土",,,,,,,,,,,,,,
#2025-06-15#,"日",,,,,,,,,,,,,,
#2025-06-16#,"月","可燃","可燃","可燃","可燃","可燃","可燃","可燃","資源","他プラ",,"不燃","他プラ",,"不燃"
#2025-06-17#,"火","リプラ","リプラ","リプラ","資源",,"不燃","他プラ","可燃","可燃","可燃","可燃","可燃","可燃","可燃"
#2025-06-18#,"水","他プラ","不燃",,"リプラ","リプラ","リプラ","リプラ","リプラ","リプラ","リプラ","リプラ","リプラ","資源","他プラ"
#2025-06-19#,"木","可燃","可燃","可燃","可燃","可燃","可燃","可燃","不燃",,"他プラ","資源",,"リプラ","リプラ"
#2025-06-20#,"金","不燃","他プラ","他プラ","不燃","資源","資源",,"可燃","可燃","可燃","可燃","可燃","可燃","可燃"
#2025-06-21#,"土",,,,,,,,,,,,,,
#2025-06-22#,"日",,,,,,,,,,,,,,
#2025-06-23#,"月","可燃","可燃","可燃","可燃","可燃","可燃","可燃","他プラ","資源","不燃",,"資源","不燃",
#2025-06-24#,"火","リプラ","リプラ","リプラ","他プラ","不燃",,"資源","可燃","可燃","可燃","可燃","可燃","可燃","可燃"
#2025-06-25#,"水","資源",,"不燃","リプラ","リプラ","リプラ","リプラ","リプラ","リプラ","リプラ","リプラ","リプラ","他プラ","資源"
#2025-06-26#,"木","可燃","可燃","可燃","可燃","可燃","可燃","可燃",,"不燃","資源","他プラ","不燃","リプラ","リプラ"
#2025-06-27#,"金",,"資源","資源",,"他プラ","他プラ","不燃","可燃","可燃","可燃","可燃","可燃","可燃","可燃"
#2025-06-28#,"土",,,,,,,,,,,,,,
#2025-06-29#,"日",,,,,,,,,,,,,,
#2025-06-30#,"月","可燃","可燃","可燃","可燃","可燃","可燃","可燃",,,,,,,
#2025-07-01#,"火","リプラ","リプラ","リプラ","資源",,"不燃","他プラ","可燃","可燃","可燃","可燃","可燃","可燃","可燃"
#2025-07-02#,"水","他プラ","不燃",,"リプラ","リプラ","リプラ","リプラ","リプラ","リプラ","リプラ","リプラ","リプラ","資源","他プラ"
#2025-07-03#,"木","可燃","可燃","可燃","可燃","可燃","可燃","可燃","不燃",,"他プラ","資源",,"リプラ","リプラ"
#2025-07-04#,"金","不燃","他プラ","他プラ","不燃","資源","資源",,"可燃","可燃","可燃","可燃","可燃","可燃","可燃"
#2025-07-05#,"土",,,,,,,,,,,,,,
#2025-07-06#,"日",,,,,,,,,,,,,,
#2025-07-07#,"月","可燃","可燃","可燃","可燃","可燃","可燃","可燃","資源","他プラ",,"不燃","他プラ",,"不燃"
#2025-07-08#,"火","リプラ","リプラ","リプラ","他プラ","不燃",,"資源","可燃","可燃","可燃","可燃","可燃","可燃","可燃"
#2025-07-09#,"水","資源",,"不燃","リプラ","リプラ","リプラ","リプラ","リプラ","リプラ","リプラ","リプラ","リプラ","他プラ","資源"
#2025-07-10#,"木","可燃","可燃","可燃","可燃","可燃","可燃","可燃",,"不燃","資源","他プラ","不燃","リプラ","リプラ"
#2025-07-11#,"金",,"資源","資源",,"他プラ","他プラ","不燃","可燃","可燃","可燃","可燃","可燃","可燃","可燃"
#2025-07-12#,"土",,,,,,,,,,,,,,
#2025-07-13#,"日",,,,,,,,,,,,,,
#2025-07-14#,"月","可燃","可燃","可燃","可燃","可燃","可燃","可燃","他プラ","資源","不燃",,"資源","不燃",
#2025-07-15#,"火","リプラ","リプラ","リプラ","資源",,"不燃","他プラ","可燃","可燃","可燃","可燃","可燃","可燃","可燃"
#2025-07-16#,"水","他プラ","不燃",,"リプラ","リプラ","リプラ","リプラ","リプラ","リプラ","リプラ","リプラ","リプラ","資源","他プラ"
#2025-07-17#,"木","可燃","可燃","可燃","可燃","可燃","可燃","可燃","不燃",,"他プラ","資源",,"リプラ","リプラ"
#2025-07-18#,"金","不燃","他プラ","他プラ","不燃","資源","資源",,"可燃","可燃","可燃","可燃","可燃","可燃","可燃"
#2025-07-19#,"土",,,,,,,,,,,,,,
#2025-07-20#,"日",,,,,,,,,,,,,,
#2025-07-21#,"月","可燃","可燃","可燃","可燃","可燃","可燃","可燃","資源","他プラ",,"不燃","他プラ",,"不燃"
#2025-07-22#,"火","リプラ","リプラ","リプラ","他プラ","不燃",,"資源","可燃","可燃","可燃","可燃","可燃","可燃","可燃"
#2025-07-23#,"水","資源",,"不燃","リプラ","リプラ","リプラ","リプラ","リプラ","リプラ","リプラ","リプラ","リプラ","他プラ","資源"
#2025-07-24#,"木","可燃","可燃","可燃","可燃","可燃","可燃","可燃",,"不燃","資源","他プラ","不燃","リプラ","リプラ"
#2025-07-25#,"金",,"資源","資源",,"他プラ","他プラ","不燃","可燃","可燃","可燃","可燃","可燃","可燃","可燃"
#2025-07-26#,"土",,,,,,,,,,,,,,
#2025-07-27#,"日",,,,,,,,,,,,,,
#2025-07-28#,"月","可燃","可燃","可燃","可燃","可燃","可燃","可燃","他プラ","資源","不燃",,"資源","不燃",
#2025-07-29#,"火","リプラ","リプラ","リプラ",,,,,"可燃","可燃","可燃","可燃","可燃","可燃","可燃"
#2025-07-30#,"水",,,,"リプラ","リプラ","リプラ","リプラ","リプラ","リプラ","リプラ","リプラ","リプラ",,
#2025-07-31#,"木","可燃","可燃","可燃","可燃","可燃","可燃","可燃",,,,,,"リプラ","リプラ"
#2025-08-01#,"金","不燃","他プラ","他プラ","不燃","資源","資源",,"可燃","可燃","可燃","可燃","可燃","可燃","可燃"
#2025-08-02#,"土",,,,,,,,,,,,,,
#2025-08-03#,"日",,,,,,,,,,,,,,
#2025-08-04#,"月","可燃","可燃","可燃","可燃","可燃","可燃","可燃","資源","他プラ",,"不燃","他プラ",,"不燃"
#2025-08-05#,"火","リプラ","リプラ","リプラ","資源",,"不燃","他プラ","可燃","可燃","可燃","可燃","可燃","可燃","可燃"
#2025-08-06#,"水","他プラ","不燃",,"リプラ","リプラ","リプラ","リプラ","リプラ","リプラ","リプラ","リプラ","リプラ","資源","他プラ"
#2025-08-07#,"木","可燃","可燃","可燃","可燃","可燃","可燃","可燃","不燃",,"他プラ","資源",,"リプラ","リプラ"
#2025-08-08#,"金",,"資源","資源",,"他プラ","他プラ","不燃","可燃","可燃","可燃","可燃","可燃","可燃","可燃"
#2025-08-09#,"土",,,,,,,,,,,,,,
#2025-08-10#,"日",,,,,,,,,,,,,,
#2025-08-11#,"月","可燃","可燃","可燃","可燃","可燃","可燃","可燃","他プラ","資源","不燃",,"資源","不燃",
#2025-08-12#,"火","リプラ","リプラ","リプラ","他プラ","不燃",,"資源","可燃","可燃","可燃","可燃","可燃","可燃","可燃"
#2025-08-13#,"水","資源",,"不燃","リプラ","リプラ","リプラ","リプラ","リプラ","リプラ","リプラ","リプラ","リプラ","他プラ","資源"
#2025-08-14#,"木","可燃","可燃","可燃","可燃","可燃","可燃","可燃",,"不燃","資源","他プラ","不燃","リプラ","リプラ"
#2025-08-15#,"金","不燃","他プラ","他プラ","不燃","資源","資源",,"可燃","可燃","可燃","可燃","可燃","可燃","可燃"
#2025-08-16#,"土",,,,,,,,,,,,,,
#2025-08-17#,"日",,,,,,,,,,,,,,
#2025-08-18#,"月","可燃","可燃","可燃","可燃","可燃","可燃","可燃","資源","他プラ",,"不燃","他プラ",,"不燃"
#2025-08-19#,"火","リプラ","リプラ","リプラ","資源",,"不燃","他プラ","可燃","可燃","可燃","可燃","可燃","可燃","可燃"
#2025-08-20#,"水","他プラ","不燃",,"リプラ","リプラ","リプラ","リプラ","リプラ","リプラ","リプラ","リプラ","リプラ","資源","他プラ"
#2025-08-21#,"木","可燃","可燃","可燃","可燃","可燃","可燃","可燃","不燃",,"他プラ","資源",,"リプラ","リプラ"
#2025-08-22#,"金",,"資源","資源",,"他プラ","他プラ","不燃","可燃","可燃","可燃","可燃","可燃","可燃","可燃"
#2025-08-23#,"土",,,,,,,,,,,,,,
#2025-08-24#,"日",,,,,,,,,,,,,,
#2025-08-25#,"月","可燃","可燃","可燃","可燃","可燃","可燃","可燃","他プラ","資源","不燃",,"資源","不燃",
#2025-08-26#,"火","リプラ","リプラ","リプラ","他プラ","不燃",,"資源","可燃","可燃","可燃","可燃","可燃","可燃","可燃"
#2025-08-27#,"水","資源",,"不燃","リプラ","リプラ","リプラ","リプラ","リプラ","リプラ","リプラ","リプラ","リプラ","他プラ","資源"
#2025-08-28#,"木","可燃","可燃","可燃","可燃","可燃","可燃","可燃",,"不燃","資源","他プラ","不燃","リプラ","リプラ"
#2025-08-29#,"金",,,,,,,,"可燃","可燃","可燃","可燃","可燃","可燃","可燃"
#2025-08-30#,"土",,,,,,,,,,,,,,
#2025-08-31#,"日",,,,,,,,,,,,,,
#2025-09-01#,"月","可燃","可燃","可燃","可燃","可燃","可燃","可燃","資源","他プラ",,"不燃","他プラ",,"不燃"
#2025-09-02#,"火","リプラ","リプラ","リプラ","資源",,"不燃","他プラ","可燃","可燃","可燃","可燃","可燃","可燃","可燃"
#2025-09-03#,"水","他プラ","不燃",,"リプラ","リプラ","リプラ","リプラ","リプラ","リプラ","リプラ","リプラ","リプラ","資源","他プラ"
#2025-09-04#,"木","可燃","可燃","可燃","可燃","可燃","可燃","可燃","不燃",,"他プラ","資源",,"リプラ","リプラ"
#2025-09-05#,"金","不燃","他プラ","他プラ","不燃","資源","資源",,"可燃","可燃","可燃","可燃","可燃","可燃","可燃"
#2025-09-06#,"土",,,,,,,,,,,,,,
#2025-09-07#,"日",,,,,,,,,,,,,,
#2025-09-08#,"月","可燃","可燃","可燃","可燃","可燃","可燃","可燃","他プラ","資源","不燃",,"資源","不燃",
#2025-09-09#,"火","リプラ","リプラ","リプラ","他プラ","不燃",,"資源","可燃","可燃","可燃","可燃","可燃","可燃","可燃"
#2025-09-10#,"水","資源",,"不燃","リプラ","リプラ","リプラ","リプラ","リプラ","リプラ","リプラ","リプラ","リプラ","他プラ","資源"
#2025-09-11#,"木","可燃","可燃","可燃","可燃","可燃","可燃","可燃",,"不燃","資源","他プラ","不燃","リプラ","リプラ"
#2025-09-12#,"金",,"資源","資源",,"他プラ","他プラ","不燃","可燃","可燃","可燃","可燃","可燃","可燃","可燃"
#2025-09-13#,"土",,,,,,,,,,,,,,
#2025-09-14#,"日",,,,,,,,,,,,,,
#2025-09-15#,"月","可燃","可燃","可燃","可燃","可燃","可燃","可燃","資源","他プラ",,"不燃","他プラ",,"不燃"
#2025-09-16#,"火","リプラ","リプラ","リプラ","資源",,"不燃","他プラ","可燃","可燃","可燃","可燃","可燃","可燃","可燃"
#2025-09-17#,"水","他プラ","不燃",,"リプラ","リプラ","リプラ","リプラ","リプラ","リプラ","リプラ","リプラ","リプラ","資源","他プラ"
#2025-09-18#,"木","可燃","可燃","可燃","可燃","可燃","可燃","可燃","不燃",,"他プラ","資源",,"リプラ","リプラ"
#2025-09-19#,"金","不燃","他プラ","他プラ","不燃","資源","資源",,"可燃","可燃","可燃","可燃","可燃","可燃","可燃"
#2025-09-20#,"土",,,,,,,,,,,,,,
#2025-09-21#,"日",,,,,,,,,,,,,,
#2025-09-22#,"月","可燃","可燃","可燃","可燃","可燃","可燃","可燃","他プラ","資源","不燃",,"資源","不燃",
#2025-09-23#,"火","リプラ","リプラ","リプラ","他プラ","不燃",,"資源","可燃","可燃","可燃","可燃","可燃","可燃","可燃"
#2025-09-24#,"水","資源",,"不燃","リプラ","リプラ","リプラ","リプラ","リプラ","リプラ","リプラ","リプラ","リプラ","他プラ","資源"
#2025-09-25#,"木","可燃","可燃","可燃","可燃","可燃","可燃","可燃",,"不燃","資源","他プラ","不燃","リプラ","リプラ"
#2025-09-26#,"金",,"資源","資源",,"他プラ","他プラ","不燃","可燃","可燃","可燃","可燃","可燃","可燃","可燃"
#2025-09-27#,"土",,,,,,,,,,,,,,
#2025-09-28#,"日",,,,,,,,,,,,,,
#2025-09-29#,"月","可燃","可燃","可燃","可燃","可燃","可燃","可燃",,,,,,,
#2025-09-30#,"火","リプラ","リプラ","リプラ",,,,,"可燃","可燃","可燃","可燃","可燃","可燃","可燃"
#2025-10-01#,"水","他プラ","不燃",,"リプラ","リプラ","リプラ","リプラ","リプラ","リプラ","リプラ","リプラ","リプラ","資源","他プラ"
#2025-10-02#,"木","可燃","可燃","可燃","可燃","可燃","可燃","可燃","不燃",,"他プラ","資源",,"リプラ","リプラ"
#2025-10-03#,"金","不燃","他プラ","他プラ","不燃","資源","資源",,"可燃","可燃","可燃","可燃","可燃","可燃","可燃"
#2025-10-04#,"土",,,,,,,,,,,,,,
#2025-10-05#,"日",,,,,,,,,,,,,,
#2025-10-06#,"月","可燃","可燃","可燃","可燃","可燃","可燃","可燃","資源","他プラ",,"不燃","他プラ",,"不燃"
#2025-10-07#,"火","リプラ","リプラ","リプラ","資源",,"不燃","他プラ","可燃","可燃","可燃","可燃","可燃","可燃","可燃"
#2025-10-08#,"水","資源",,"不燃","リプラ","リプラ","リプラ","リプラ","リプラ","リプラ","リプラ","リプラ","リプラ","他プラ","資源"
#2025-10-09#,"木","可燃","可燃","可燃","可燃","可燃","可燃","可燃",,"不燃","資源","他プラ","不燃","リプラ","リプラ"
#2025-10-10#,"金",,"資源","資源",,"他プラ","他プラ","不燃","可燃","可燃","可燃","可燃","可燃","可燃","可燃"
#2025-10-11#,"土",,,,,,,,,,,,,,
#2025-10-12#,"日",,,,,,,,,,,,,,
#2025-10-13#,"月","可燃","可燃","可燃","可燃","可燃","可燃","可燃","他プラ","資源","不燃",,"資源","不燃",
#2025-10-14#,"火","リプラ","リプラ","リプラ","他プラ","不燃",,"資源","可燃","可燃","可燃","可燃","可燃","可燃","可燃"
#2025-10-15#,"水","他プラ","不燃",,"リプラ","リプラ","リプラ","リプラ","リプラ","リプラ","リプラ","リプラ","リプラ","資源","他プラ"
#2025-10-16#,"木","可燃","可燃","可燃","可燃","可燃","可燃","可燃","不燃",,"他プラ","資源",,"リプラ","リプラ"
#2025-10-17#,"金","不燃","他プラ","他プラ","不燃","資源","資源",,"可燃","可燃","可燃","可燃","可燃","可燃","可燃"
#2025-10-18#,"土",,,,,,,,,,,,,,
#2025-10-19#,"日",,,,,,,,,,,,,,
#2025-10-20#,"月","可燃","可燃","可燃","可燃","可燃","可燃","可燃","資源","他プラ",,"不燃","他プラ",,"不燃"
#2025-10-21#,"火","リプラ","リプラ","リプラ","資源",,"不燃","他プラ","可燃","可燃","可燃","可燃","可燃","可燃","可燃"
#2025-10-22#,"水","資源",,"不燃","リプラ","リプラ","リプラ","リプラ","リプラ","リプラ","リプラ","リプラ","リプラ","他プラ","資源"
#2025-10-23#,"木","可燃","可燃","可燃","可燃","可燃","可燃","可燃",,"不燃","資源","他プラ","不燃","リプラ","リプラ"
#2025-10-24#,"金",,"資源","資源",,"他プラ","他プラ","不燃","可燃","可燃","可燃","可燃","可燃","可燃","可燃"
#2025-10-25#,"土",,,,,,,,,,,,,,
#2025-10-26#,"日",,,,,,,,,,,,,,
#2025-10-27#,"月","可燃","可燃","可燃","可燃","可燃","可燃","可燃","他プラ","資源","不燃",,"資源","不燃",
#2025-10-28#,"火","リプラ","リプラ","リプラ","他プラ","不燃",,"資源","可燃","可燃","可燃","可燃","可燃","可燃","可燃"
#2025-10-29#,"水",,,,"リプラ","リプラ","リプラ","リプラ","リプラ","リプラ","リプラ","リプラ","リプラ",,
#2025-10-30#,"木","可燃","可燃","可燃","可燃","可燃","可燃","可燃",,,,,,"リプラ","リプラ"
#2025-10-31#,"金",,,,,,,,"可燃","可燃","可燃","可燃","可燃","可燃","可燃"
#2025-11-01#,"土",,,,,,,,,,,,,,
#2025-11-02#,"日",,,,,,,,,,,,,,
#2025-11-03#,"月",,,,,,,,"資源","他プラ",,"不燃","他プラ",,"不燃"
#2025-11-04#,"火","リプラ","リプラ","リプラ","資源",,"不燃","他プラ","可燃","可燃","可燃","可燃","可燃","可燃","可燃"
#2025-11-05#,"水","他プラ","不燃",,"リプラ","リプラ","リプラ","リプラ","リプラ","リプラ","リプラ","リプラ","リプラ","資源","他プラ"
#2025-11-06#,"木","可燃","可燃","可燃","可燃","可燃","可燃","可燃","不燃",,"他プラ","資源",,"リプラ","リプラ"
#2025-11-07#,"金","不燃","他プラ","他プラ","不燃","資源","資源",,"可燃","可燃","可燃","可燃","可燃","可燃","可燃"
#2025-11-08#,"土",,,,,,,,,,,,,,
#2025-11-09#,"日",,,,,,,,,,,,,,
#2025-11-10#,"月","可燃","可燃","可燃","可燃","可燃","可燃","可燃","他プラ","資源","不燃",,"資源","不燃",
#2025-11-11#,"火","リプラ","リプラ","リプラ","他プラ","不燃",,"資源","可燃","可燃","可燃","可燃","可燃","可燃","可燃"
#2025-11-12#,"水","資源",,"不燃","リプラ","リプラ","リプラ","リプラ","リプラ","リプラ","リプラ","リプラ","リプラ","他プラ","資源"
#2025-11-13#,"木","可燃","可燃","可燃","可燃","可燃","可燃","可燃",,"不燃","資源","他プラ","不燃","リプラ","リプラ"
#2025-11-14#,"金",,"資源","資源",,"他プラ","他プラ","不燃","可燃","可燃","可燃","可燃","可燃","可燃","可燃"
#2025-11-15#,"土",,,,,,,,,,,,,,
#2025-11-16#,"日",,,,,,,,,,,,,,
#2025-11-17#,"月","可燃","可燃","可燃","可燃","可燃","可燃","可燃","資源","他プラ",,"不燃","他プラ",,"不燃"
#2025-11-18#,"火","リプラ","リプラ","リプラ","資源",,"不燃","他プラ","可燃","可燃","可燃","可燃","可燃","可燃","可燃"
#2025-11-19#,"水","他プラ","不燃",,"リプラ","リプラ","リプラ","リプラ","リプラ","リプラ","リプラ","リプラ","リプラ","資源","他プラ"
#2025-11-20#,"木","可燃","可燃","可燃","可燃","可燃","可燃","可燃","不燃",,"他プラ","資源",,"リプラ","リプラ"
#2025-11-21#,"金","不燃","他プラ","他プラ","不燃","資源","資源",,"可燃","可燃","可燃","可燃","可燃","可燃","可燃"
#2025-11-22#,"土",,,,,,,,,,,,,,
#2025-11-23#,"日",,,,,,,,,,,,,,
#2025-11-24#,"月",,,,,,,,"他プラ","資源","不燃",,"資源","不燃",
#2025-11-25#,"火","リプラ","リプラ","リプラ","他プラ","不燃",,"資源","可燃","可燃","可燃","可燃","可燃","可燃","可燃"
#2025-11-26#,"水","資源",,"不燃","リプラ","リプラ","リプラ","リプラ","リプラ","リプラ","リプラ","リプラ","リプラ","他プラ","資源"
#2025-11-27#,"木","可燃","可燃","可燃","可燃","可燃","可燃","可燃",,"不燃","資源","他プラ","不燃","リプラ","リプラ"
#2025-11-28#,"金",,"資源","資源",,"他プラ","他プラ","不燃","可燃","可燃","可燃","可燃","可燃","可燃","可燃"
#2025-11-29#,"土",,,,,,,,,,,,,,
#2025-11-30#,"日",,,,,,,,,,,,,,
#2025-12-01#,"月","可燃","可燃","可燃","可燃","可燃","可燃","可燃","資源","他プラ",,"不燃","他プラ",,"不燃"
#2025-12-02#,"火","リプラ","リプラ","リプラ","資源",,"不燃","他プラ","可燃","可燃","可燃","可燃","可燃","可燃","可燃"
#2025-12-03#,"水","他プラ","不燃",,"リプラ","リプラ","リプラ","リプラ","リプラ","リプラ","リプラ","リプラ","リプラ","資源","他プラ"
#2025-12-04#,"木","可燃","可燃","可燃","可燃","可燃","可燃","可燃","不燃",,"他プラ","資源",,"リプラ","リプラ"
#2025-12-05#,"金","不燃","他プラ","他プラ","不燃","資源","資源",,"可燃","可燃","可燃","可燃","可燃","可燃","可燃"
#2025-12-06#,"土",,,,,,,,,,,,,,
#2025-12-07#,"日",,,,,,,,,,,,,,
#2025-12-08#,"月","可燃","可燃","可燃","可燃","可燃","可燃","可燃","他プラ","資源","不燃",,"資源","不燃",
#2025-12-09#,"火","リプラ","リプラ","リプラ","他プラ","不燃",,"資源","可燃","可燃","可燃","可燃","可燃","可燃","可燃"
#2025-12-10#,"水","資源",,"不燃","リプラ","リプラ","リプラ","リプラ","リプラ","リプラ","リプラ","リプラ","リプラ","他プラ","資源"
#2025-12-11#,"木","可燃","可燃","可燃","可燃","可燃","可燃","可燃",,"不燃","資源","他プラ","不燃","リプラ","リプラ"
#2025-12-12#,"金",,"資源","資源",,"他プラ","他プラ","不燃","可燃","可燃","可燃","可燃","可燃","可燃","可燃"
#2025-12-13#,"土",,,,,,,,,,,,,,
#2025-12-14#,"日",,,,,,,,,,,,,,
#2025-12-15#,"月","可燃","可燃","可燃","可燃","可燃","可燃","可燃","資源","他プラ",,"不燃","他プラ",,"不燃"
#2025-12-16#,"火","リプラ","リプラ","リプラ","資源",,"不燃","他プラ","可燃","可燃","可燃","可燃","可燃","可燃","可燃"
#2025-12-17#,"水","他プラ","不燃",,"リプラ","リプラ","リプラ","リプラ","リプラ","リプラ","リプラ","リプラ","リプラ","資源","他プラ"
#2025-12-18#,"木","可燃","可燃","可燃","可燃","可燃","可燃","可燃","不燃",,"他プラ","資源",,"リプラ","リプラ"
#2025-12-19#,"金","不燃","他プラ","他プラ","不燃","資源","資源",,"可燃","可燃","可燃","可燃","可燃","可燃","可燃"
#2025-12-20#,"土",,,,,,,,,,,,,,
#2025-12-21#,"日",,,,,,,,,,,,,,
#2025-12-22#,"月","可燃","可燃","可燃","可燃","可燃","可燃","可燃","他プラ","資源","不燃",,"資源","不燃",
#2025-12-23#,"火","リプラ","リプラ","リプラ","他プラ","不燃",,"資源","可燃","可燃","可燃","可燃","可燃","可燃","可燃"
#2025-12-24#,"水","資源",,"不燃","リプラ","リプラ","リプラ","リプラ","リプラ","リプラ","リプラ","リプラ","リプラ","他プラ","資源"
#2025-12-25#,"木","可燃","可燃","可燃","可燃","可燃","可燃","可燃",,"不燃","資源","他プラ","不燃","リプラ","リプラ"
#2025-12-26#,"金",,"資源","資源",,"他プラ","他プラ","不燃","可燃","可燃","可燃","可燃","可燃","可燃","可燃"
#2025-12-27#,"土",,,,,,,,,,,,,,
#2025-12-28#,"日",,,,,,,,,,,,,,
#2025-12-29#,"月","可燃","可燃","可燃","可燃","可燃","可燃","可燃",,,,,,,
#2025-12-30#,"火","リプラ","リプラ","リプラ",,,,,"可燃","可燃","可燃","可燃","可燃","可燃","可燃"
#2025-12-31#,"水",,,,,,,,,,,,,,
#2026-01-01#,"木",,,,,,,,,,,,,,
#2026-01-02#,"金",,,,,,,,,,,,,,
#2026-01-03#,"土",,,,,,,,,,,,,,
#2026-01-04#,"日",,,,,,,,,,,,,,
#2026-01-05#,"月","可燃","可燃","可燃","可燃","可燃","可燃","可燃","資源","他プラ",,"不燃","他プラ",,"不燃"
#2026-01-06#,"火","リプラ","リプラ","リプラ","資源",,"不燃","他プラ","可燃","可燃","可燃","可燃","可燃","可燃","可燃"
#2026-01-07#,"水","他プラ","不燃",,"リプラ","リプラ","リプラ","リプラ","リプラ","リプラ","リプラ","リプラ","リプラ","資源","他プラ"
#2026-01-08#,"木","可燃","可燃","可燃","可燃","可燃","可燃","可燃","不燃",,"他プラ","資源",,"リプラ","リプラ"
#2026-01-09#,"金","不燃","他プラ","他プラ","不燃","資源","資源",,"可燃","可燃","可燃","可燃","可燃","可燃","可燃"
#2026-01-10#,"土",,,,,,,,,,,,,,
#2026-01-11#,"日",,,,,,,,,,,,,,
#2026-01-12#,"月","可燃","可燃","可燃","可燃","可燃","可燃","可燃","他プラ","資源","不燃",,"資源","不燃",
#2026-01-13#,"火","リプラ","リプラ","リプラ","他プラ","不燃",,"資源","可燃","可燃","可燃","可燃","可燃","可燃","可燃"
#2026-01-14#,"水","資源",,"不燃","リプラ","リプラ","リプラ","リプラ","リプラ","リプラ","リプラ","リプラ","リプラ","他プラ","資源"
#2026-01-15#,"木","可燃","可燃","可燃","可燃","可燃","可燃","可燃",,"不燃","資源","他プラ","不燃","リプラ","リプラ"
#2026-01-16#,"金",,"資源","資源",,"他プラ","他プラ","不燃","可燃","可燃","可燃","可燃","可燃","可燃","可燃"
#2026-01-17#,"土",,,,,,,,,,,,,,
#2026-01-18#,"日",,,,,,,,,,,,,,
#2026-01-19#,"月","可燃","可燃","可燃","可燃","可燃","可燃","可燃","資源","他プラ",,"不燃","他プラ",,"不燃"
#2026-01-20#,"火","リプラ","リプラ","リプラ","資源",,"不燃","他プラ","可燃","可燃","可燃","可燃","可燃","可燃","可燃"
#2026-01-21#,"水","他プラ","不燃",,"リプラ","リプラ","リプラ","リプラ","リプラ","リプラ","リプラ","リプラ","リプラ","資源","他プラ"
#2026-01-22#,"木","可燃","可燃","可燃","可燃","可燃","可燃","可燃","不燃",,"他プラ","資源",,"リプラ","リプラ"
#2026-01-23#,"金","不燃","他プラ","他プラ","不燃","資源","資源",,"可燃","可燃","可燃","可燃","可燃","可燃","可燃"
#2026-01-24#,"土",,,,,,,,,,,,,,
#2026-01-25#,"日",,,,,,,,,,,,,,
#2026-01-26#,"月","可燃","可燃","可燃","可燃","可燃","可燃","可燃","他プラ","資源","不燃",,"資源","不燃",
#2026-01-27#,"火","リプラ","リプラ","リプラ","他プラ","不燃",,"資源","可燃","可燃","可燃","可燃","可燃","可燃","可燃"
#2026-01-28#,"水","資源",,"不燃","リプラ","リプラ","リプラ","リプラ","リプラ","リプラ","リプラ","リプラ","リプラ","他プラ","資源"
#2026-01-29#,"木","可燃","可燃","可燃","可燃","可燃","可燃","可燃",,"不燃","資源","他プラ","不燃","リプラ","リプラ"
#2026-01-30#,"金",,"資源","資源",,"他プラ","他プラ","不燃","可燃","可燃","可燃","可燃","可燃","可燃","可燃"
#2026-01-31#,"土",,,,,,,,,,,,,,
#2026-02-01#,"日",,,,,,,,,,,,,,
#2026-02-02#,"月","可燃","可燃","可燃","可燃","可燃","可燃","可燃","資源","他プラ",,"不燃","他プラ",,"不燃"
#2026-02-03#,"火","リプラ","リプラ","リプラ","資源",,"不燃","他プラ","可燃","可燃","可燃","可燃","可燃","可燃","可燃"
#2026-02-04#,"水","他プラ","不燃",,"リプラ","リプラ","リプラ","リプラ","リプラ","リプラ","リプラ","リプラ","リプラ","資源","他プラ"
#2026-02-05#,"木","可燃","可燃","可燃","可燃","可燃","可燃","可燃","不燃",,"他プラ","資源",,"リプラ","リプラ"
#2026-02-06#,"金","不燃","他プラ","他プラ","不燃","資源","資源",,"可燃","可燃","可燃","可燃","可燃","可燃","可燃"
#2026-02-07#,"土",,,,,,,,,,,,,,
#2026-02-08#,"日",,,,,,,,,,,,,,
#2026-02-09#,"月","可燃","可燃","可燃","可燃","可燃","可燃","可燃","他プラ","資源","不燃",,"資源","不燃",
#2026-02-10#,"火","リプラ","リプラ","リプラ","他プラ","不燃",,"資源","可燃","可燃","可燃","可燃","可燃","可燃","可燃"
#2026-02-11#,"水","資源",,"不燃",,,,,,,,,,"他プラ","資源"
#2026-02-12#,"木","可燃","可燃","可燃","可燃","可燃","可燃","可燃",,"不燃","資源","他プラ","不燃","リプラ","リプラ"
#2026-02-13#,"金",,"資源","資源",,"他プラ","他プラ","不燃","可燃","可燃","可燃","可燃","可燃","可燃","可燃"
#2026-02-14#,"土",,,,,,,,,,,,,,
#2026-02-15#,"日",,,,,,,,,,,,,,
#2026-02-16#,"月","可燃","可燃","可燃","可燃","可燃","可燃","可燃","資源","他プラ",,"不燃","他プラ",,"不燃"
#2026-02-17#,"火","リプラ","リプラ","リプラ","資源",,"不燃","他プラ","可燃","可燃","可燃","可燃","可燃","可燃","可燃"
#2026-02-18#,"水","他プラ","不燃",,"リプラ","リプラ","リプラ","リプラ","リプラ","リプラ","リプラ","リプラ","リプラ","資源","他プラ"
#2026-02-19#,"木","可燃","可燃","可燃","可燃","可燃","可燃","可燃","不燃",,"他プラ","資源",,"リプラ","リプラ"
#2026-02-20#,"金","不燃","他プラ","他プラ","不燃","資源","資源",,"可燃","可燃","可燃","可燃","可燃","可燃","可燃"
#2026-02-21#,"土",,,,,,,,,,,,,,
#2026-02-22#,"日",,,,,,,,,,,,,,
#2026-02-23#,"月",,,,,,,,"他プラ","資源","不燃",,"資源","不燃",
#2026-02-24#,"火","リプラ","リプラ","リプラ","他プラ","不燃",,"資源","可燃","可燃","可燃","可燃","可燃","可燃","可燃"
#2026-02-25#,"水","資源",,"不燃","リプラ","リプラ","リプラ","リプラ","リプラ","リプラ","リプラ","リプラ","リプラ","他プラ","資源"
#2026-02-26#,"木","可燃","可燃","可燃","可燃","可燃","可燃","可燃",,"不燃","資源","他プラ","不燃","リプラ","リプラ"
#2026-02-27#,"金",,"資源","資源",,"他プラ","他プラ","不燃","可燃","可燃","可燃","可燃","可燃","可燃","可燃"
#2026-02-28#,"土",,,,,,,,,,,,,,
#2026-03-01#,"日",,,,,,,,,,,,,,
#2026-03-02#,"月","可燃","可燃","可燃","可燃","可燃","可燃","可燃","資源","他プラ",,"不燃","他プラ",,"不燃"
#2026-03-03#,"火","リプラ","リプラ","リプラ","資源",,"不燃","他プラ","可燃","可燃","可燃","可燃","可燃","可燃","可燃"
#2026-03-04#,"水","他プラ","不燃",,"リプラ","リプラ","リプラ","リプラ","リプラ","リプラ","リプラ","リプラ","リプラ","資源","他プラ"
#2026-03-05#,"木","可燃","可燃","可燃","可燃","可燃","可燃","可燃","不燃",,"他プラ","資源",,"リプラ","リプラ"
#2026-03-06#,"金","不燃","他プラ","他プラ","不燃","資源","資源",,"可燃","可燃","可燃","可燃","可燃","可燃","可燃"
#2026-03-07#,"土",,,,,,,,,,,,,,
#2026-03-08#,"日",,,,,,,,,,,,,,
#2026-03-09#,"月","可燃","可燃","可燃","可燃","可燃","可燃","可燃","他プラ","資源","不燃",,"資源","不燃",
#2026-03-10#,"火","リプラ","リプラ","リプラ","他プラ","不燃",,"資源","可燃","可燃","可燃","可燃","可燃","可燃","可燃"
#2026-03-11#,"水","資源",,"不燃","リプラ","リプラ","リプラ","リプラ","リプラ","リプラ","リプラ","リプラ","リプラ","他プラ","資源"
#2026-03-12#,"木","可燃","可燃","可燃","可燃","可燃","可燃","可燃",,"不燃","資源","他プラ","不燃","リプラ","リプラ"
#2026-03-13#,"金",,"資源","資源",,"他プラ","他プラ","不燃","可燃","可燃","可燃","可燃","可燃","可燃","可燃"
#2026-03-14#,"土",,,,,,,,,,,,,,
#2026-03-15#,"日",,,,,,,,,,,,,,
#2026-03-16#,"月","可燃","可燃","可燃","可燃","可燃","可燃","可燃","資源","他プラ",,"不燃","他プラ",,"不燃"
#2026-03-17#,"火","リプラ","リプラ","リプラ","資源",,"不燃","他プラ","可燃","可燃","可燃","可燃","可燃","可燃","可燃"
#2026-03-18#,"水","他プラ","不燃",,"リプラ","リプラ","リプラ","リプラ","リプラ","リプラ","リプラ","リプラ","リプラ","資源","他プラ"
#2026-03-19#,"木","可燃","可燃","可燃","可燃","可燃","可燃","可燃","不燃",,"他プラ","資源",,"リプラ","リプラ"
#2026-03-20#,"金","不燃","他プラ","他プラ","不燃","資源","資源",,,,,,,,
#2026-03-21#,"土",,,,,,,,,,,,,,
#2026-03-22#,"日",,,,,,,,,,,,,,
#2026-03-23#,"月","可燃","可燃","可燃","可燃","可燃","可燃","可燃","他プラ","資源","不燃",,"資源","不燃",
#2026-03-24#,"火","リプラ","リプラ","リプラ","他プラ","不燃",,"資源","可燃","可燃","可燃","可燃","可燃","可燃","可燃"
#2026-03-25#,"水","資源",,"不燃","リプラ","リプラ","リプラ","リプラ","リプラ","リプラ","リプラ","リプラ","リプラ","他プラ","資源"
#2026-03-26#,"木","可燃","可燃","可燃","可燃","可燃","可燃","可燃",,"不燃","資源","他プラ","不燃","リプラ","リプラ"
#2026-03-27#,"金",,"資源","資源",,"他プラ","他プラ","不燃","可燃","可燃","可燃","可燃","可燃","可燃","可燃"
#2026-03-28#,"土",,,,,,,,,,,,,,
#2026-03-29#,"日",,,,,,,,,,,,,,
#2026-03-30#,"月","可燃","可燃","可燃","可燃","可燃","可燃","可燃",,,,,,,
#2026-03-31#,"火","リプラ","リプラ","リプラ",,,,,"可燃","可燃","可燃","可燃","可燃","可燃","可燃"
