N깵,듥,1,2,3,4,5,6,7,8,9,10,11,12,13,14,15,16
2019/4/1,깵,,,,,,,,,,,,놴^,,,,놴^
2019/4/2,괉,,,,,,놴^,,놴^,,,,,,,,
2019/4/3,낸,,,,,,,놴^,,,,,,,,놴^,
2019/4/4,뒞,,,,,,,,,놴^,,,,,놴^,,
2019/4/5,,,,놴^,,,,,,,,,,,,,
2019/4/6,늧,,,,,,,,,,,,,,,,
2019/4/7,,,,,,,,,,,,,,,,,
2019/4/8,깵,,,,,,,,,,,놴^,,,,,
2019/4/9,괉,,,,,놴^,,,,,,,,,,,
2019/4/10,낸,,놴^,,놴^,,,,,,,,,,,,
2019/4/11,뒞,,,,,,,,,,놴^,,,놴^,,,
2019/4/12,,놴^,,,,,,,,,,,,,,,
2019/4/13,늧,,,,,,,,,,,,,,,,
2019/4/14,,,,,,,,,,,,,,,,,
2019/4/15,깵,,,,,,,,,,,,놴^,,,,놴^
2019/4/16,괉,,,,,,놴^,,놴^,,,,,,,,
2019/4/17,낸,,,,,,,놴^,,,,,,,,놴^,
2019/4/18,뒞,,,,,,,,,놴^,,,,,놴^,,
2019/4/19,,,,놴^,,,,,,,,,,,,,
2019/4/20,늧,,,,,,,,,,,,,,,,
2019/4/21,,,,,,,,,,,,,,,,,
2019/4/22,깵,,,,,,,,,,,놴^,,,,,
2019/4/23,괉,,,,,놴^,,,,,,,,,,,
2019/4/24,낸,,놴^,,놴^,,,,,,,,,,,,
2019/4/25,뒞,,,,,,,,,,놴^,,,놴^,,,
2019/4/26,,놴^,,,,,,,,,,,,,,,
2019/4/27,늧,,,,,,,,,,,,,,,,
2019/4/28,,,,,,,,,,,,,,,,,
2019/4/29,깵,,,,,,,,,,,,,,,,
2019/4/30,괉,,,,,,,,,,,,,,,,
2019/5/1,낸,,,,,,,,,,,,,,,,
2019/5/2,뒞,,,,,,,,,,,,,,,,
2019/5/3,,,,,,,,,,,,,,,,,
2019/5/4,늧,,,,,,,,,,,,,,,,
2019/5/5,,,,,,,,,,,,,,,,,
2019/5/6,깵,,,,,,,,,,,,,,,,
2019/5/7,괉,,,,,,,,,,,,,,,,
2019/5/8,낸,,,,,,,,,,,,,,,,
2019/5/9,뒞,,,,,,,,,놴^,놴^,,,놴^,놴^,놴^,놴^
2019/5/10,,놴^,놴^,놴^,,,,놴^,놴^,,,,,,,,
2019/5/11,늧,,,,,,,,,,,,,,,,
2019/5/12,,,,,,,,,,,,,,,,,
2019/5/13,깵,,,,,,,,,,,놴^,놴^,,,,
2019/5/14,괉,,,,놴^,놴^,놴^,,,,,,,,,,
2019/5/15,낸,,,,,,,,,,,,,,,,
2019/5/16,뒞,,,,,,,,,,,,,,,,
2019/5/17,,,,,,,,,,,,,,,,,
2019/5/18,늧,,,,,,,,,,,,,,,,
2019/5/19,,,,,,,,,,,,,,,,,
2019/5/20,깵,,,,,,,,,,,,놴^,,,놴^,놴^
2019/5/21,괉,,,,,,놴^,놴^,놴^,,,,,,,,
2019/5/22,낸,,놴^,,놴^,,,,,,,,,,놴^,,
2019/5/23,뒞,,,,,,,,,,놴^,,,놴^,,,
2019/5/24,,놴^,,,,,,,,,,,,,,,
2019/5/25,늧,,,,,,,,,,,,,,,,
2019/5/26,,,,,,,,,,,,,,,,,
2019/5/27,깵,,,,,,,,,놴^,,놴^,,,,,
2019/5/28,괉,,,놴^,,놴^,,,,,,,,,,,
2019/5/29,낸,,,,,,,,,,,,,,,,
2019/5/30,뒞,,,,,,,,,,,,,,,,
2019/5/31,,,,,,,,,,,,,,,,,
2019/6/1,늧,,,,,,,,,,,,,,,,
2019/6/2,,,,,,,,,,,,,,,,,
2019/6/3,깵,,,,,,,,,,,,놴^,,,,놴^
2019/6/4,괉,,,,,,놴^,,놴^,,,,,,,,
2019/6/5,낸,,,,,,,놴^,,,,,,,,놴^,
2019/6/6,뒞,,,,,,,,,놴^,,,,,놴^,,
2019/6/7,,,,놴^,,,,,,,,,,,,,
2019/6/8,늧,,,,,,,,,,,,,,,,
2019/6/9,,,,,,,,,,,,,,,,,
2019/6/10,깵,,,,,,,,,,,놴^,,,,,
2019/6/11,괉,,,,,놴^,,,,,,,,,,,
2019/6/12,낸,,놴^,,놴^,,,,,,,,,,,,
2019/6/13,뒞,,,,,,,,,,놴^,,,놴^,,,
2019/6/14,,놴^,,,,,,,,,,,,,,,
2019/6/15,늧,,,,,,,,,,,,,,,,
2019/6/16,,,,,,,,,,,,,,,,,
2019/6/17,깵,,,,,,,,,,,,놴^,,,,놴^
2019/6/18,괉,,,,,,놴^,,놴^,,,,,,,,
2019/6/19,낸,,,,,,,놴^,,,,,,,,놴^,
2019/6/20,뒞,,,,,,,,,놴^,,,,,놴^,,
2019/6/21,,,,놴^,,,,,,,,,,,,,
2019/6/22,늧,,,,,,,,,,,,,,,,
2019/6/23,,,,,,,,,,,,,,,,,
2019/6/24,깵,,,,,,,,,,,놴^,,,,,
2019/6/25,괉,,,,,놴^,,,,,,,,,,,
2019/6/26,낸,,놴^,,놴^,,,,,,,,,,,,
2019/6/27,뒞,,,,,,,,,,놴^,,,놴^,,,
2019/6/28,,놴^,,,,,,,,,,,,,,,
2019/6/29,늧,,,,,,,,,,,,,,,,
2019/6/30,,,,,,,,,,,,,,,,,
2019/7/1,깵,,,,,,,,,,,,놴^,,,,놴^
2019/7/2,괉,,,,,,놴^,,놴^,,,,,,,,
2019/7/3,낸,,,,,,,놴^,,,,,,,,놴^,
2019/7/4,뒞,,,,,,,,,놴^,,,,,놴^,,
2019/7/5,,,,놴^,,,,,,,,,,,,,
2019/7/6,늧,,,,,,,,,,,,,,,,
2019/7/7,,,,,,,,,,,,,,,,,
2019/7/8,깵,,,,,,,,,,,놴^,,,,,
2019/7/9,괉,,,,,놴^,,,,,,,,,,,
2019/7/10,낸,,놴^,,놴^,,,,,,,,,,,,
2019/7/11,뒞,,,,,,,,,,놴^,,,놴^,,,
2019/7/12,,놴^,,,,,,,,,,,,,,,
2019/7/13,늧,,,,,,,,,,,,,,,,
2019/7/14,,,,,,,,,,,,,,,,,
2019/7/15,깵,,,,,,,,,,,,,,,,
2019/7/16,괉,,,,,,놴^,,놴^,,,,,,,,
2019/7/17,낸,,,,,,,놴^,,,,,,,,놴^,놴^
2019/7/18,뒞,,,,,,,,,놴^,,,놴^,,놴^,,
2019/7/19,,,,놴^,,,,,,,,,,,,,
2019/7/20,늧,,,,,,,,,,,,,,,,
2019/7/21,,,,,,,,,,,,,,,,,
2019/7/22,깵,,,,,,,,,,,놴^,,,,,
2019/7/23,괉,,,,,놴^,,,,,,,,,,,
2019/7/24,낸,,놴^,,놴^,,,,,,,,,,,,
2019/7/25,뒞,,,,,,,,,,놴^,,,놴^,,,
2019/7/26,,놴^,,,,,,,,,,,,,,,
2019/7/27,늧,,,,,,,,,,,,,,,,
2019/7/28,,,,,,,,,,,,,,,,,
2019/7/29,깵,,,,,,,,,,,,,,,,
2019/7/30,괉,,,,,,,,,,,,,,,,
2019/7/31,낸,,,,,,,,,,,,,,,,
2019/8/1,뒞,,,,,,,,,놴^,,,,,놴^,,
2019/8/2,,,,놴^,,,놴^,,,,,,,,,,
2019/8/3,늧,,,,,,,,,,,,,,,,
2019/8/4,,,,,,,,,,,,,,,,,
2019/8/5,깵,,,,,,,,,,,,놴^,,,,놴^
2019/8/6,괉,,,,,,,,,,,,,,,,
2019/8/7,낸,,,,놴^,,,놴^,놴^,,,,,,,놴^,
2019/8/8,뒞,,,,,,,,,,놴^,놴^,,놴^,,,
2019/8/9,,놴^,놴^,,,놴^,,,,,,,,,,,
2019/8/10,늧,,,,,,,,,,,,,,,,
2019/8/11,,,,,,,,,,,,,,,,,
2019/8/12,깵,,,,,,,,,,,,,,,,
2019/8/13,괉,,,,,,,,,,,,,,,,
2019/8/14,낸,,,,,,,,,,,,,,,,
2019/8/15,뒞,,,,,,,,,,,,,,,,
2019/8/16,,,,놴^,,,,,,,,,,,,,
2019/8/17,늧,,,,,,,,,,,,,,,,
2019/8/18,,,,,,,,,,,,,,,,,
2019/8/19,깵,,,,,,,,,,,,놴^,,,,놴^
2019/8/20,괉,,,,,,놴^,,놴^,,,,,,,,
2019/8/21,낸,,,,,,,놴^,,,,,,,,놴^,
2019/8/22,뒞,,,,,,,,,놴^,놴^,,,놴^,놴^,,
2019/8/23,,놴^,,,,,,,,,,,,,,,
2019/8/24,늧,,,,,,,,,,,,,,,,
2019/8/25,,,,,,,,,,,,,,,,,
2019/8/26,깵,,,,,,,,,,,놴^,,,,,
2019/8/27,괉,,,,,놴^,,,,,,,,,,,
2019/8/28,낸,,놴^,,놴^,,,,,,,,,,,,
2019/8/29,뒞,,,,,,,,,,,,,,,,
2019/8/30,,,,,,,,,,,,,,,,,
2019/8/31,늧,,,,,,,,,,,,,,,,
2019/9/1,,,,,,,,,,,,,,,,,
2019/9/2,깵,,,,,,,,,,,,놴^,,,,놴^
2019/9/3,괉,,,,,,놴^,,놴^,,,,,,,,
2019/9/4,낸,,,,,,,놴^,,,,,,,,놴^,
2019/9/5,뒞,,,,,,,,,놴^,,,,,놴^,,
2019/9/6,,,,놴^,,,,,,,,,,,,,
2019/9/7,늧,,,,,,,,,,,,,,,,
2019/9/8,,,,,,,,,,,,,,,,,
2019/9/9,깵,,,,,,,,,,,놴^,,,,,
2019/9/10,괉,,,,,놴^,,,,,,,,,,,
2019/9/11,낸,,놴^,,놴^,,,,,,,,,,,,
2019/9/12,뒞,,,,,,,,,,놴^,,,놴^,,,
2019/9/13,,놴^,,,,,,,,,,,,,,,
2019/9/14,늧,,,,,,,,,,,,,,,,
2019/9/15,,,,,,,,,,,,,,,,,
2019/9/16,깵,,,,,,,,,,,,,,,,
2019/9/17,괉,,,,,,놴^,,놴^,,,,,,,,
2019/9/18,낸,,,,,,,놴^,,,,,,,,놴^,놴^
2019/9/19,뒞,,,,,,,,,놴^,,,놴^,,놴^,,
2019/9/20,,,,놴^,,,,,,,,,,,,,
2019/9/21,늧,,,,,,,,,,,,,,,,
2019/9/22,,,,,,,,,,,,,,,,,
2019/9/23,깵,,,,,,,,,,,,,,,,
2019/9/24,괉,,,,,놴^,,,,,,,,,,,
2019/9/25,낸,,놴^,,놴^,,,,,,,,,,,,
2019/9/26,뒞,,,,,,,,,,놴^,놴^,,놴^,,,
2019/9/27,,놴^,,,,,,,,,,,,,,,
2019/9/28,늧,,,,,,,,,,,,,,,,
2019/9/29,,,,,,,,,,,,,,,,,
2019/9/30,깵,,,,,,,,,,,,,,,,
2019/10/1,괉,,,,,,놴^,,놴^,,,,,,,,
2019/10/2,낸,,,,,,,놴^,,,,,,,,놴^,
2019/10/3,뒞,,,,,,,,,놴^,,,,,놴^,,
2019/10/4,,,,놴^,,,,,,,,,,,,,
2019/10/5,늧,,,,,,,,,,,,,,,,
2019/10/6,,,,,,,,,,,,,,,,,
2019/10/7,깵,,,,,,,,,,,,놴^,,,,놴^
2019/10/8,괉,,,,,놴^,,,,,,,,,,,
2019/10/9,낸,,놴^,,놴^,,,,,,,,,,,,
2019/10/10,뒞,,,,,,,,,,놴^,놴^,,놴^,,,
2019/10/11,,놴^,,,,,,,,,,,,,,,
2019/10/12,늧,,,,,,,,,,,,,,,,
2019/10/13,,,,,,,,,,,,,,,,,
2019/10/14,깵,,,,,,,,,,,,,,,,
2019/10/15,괉,,,,,,놴^,,놴^,,,,,,,,
2019/10/16,낸,,,,,,,놴^,,,,,,,,놴^,
2019/10/17,뒞,,,,,,,,,놴^,,,,,놴^,,
2019/10/18,,,,놴^,,,,,,,,,,,,,
2019/10/19,늧,,,,,,,,,,,,,,,,
2019/10/20,,,,,,,,,,,,,,,,,
2019/10/21,깵,,,,,,,,,,,,놴^,,,,놴^
2019/10/22,괉,,,,,,,,,,,,,,,,
2019/10/23,낸,,놴^,,놴^,놴^,,,,,,,,,,,
2019/10/24,뒞,,,,,,,,,,놴^,,,놴^,,,
2019/10/25,,놴^,,,,,,,,,,,,,,,
2019/10/26,늧,,,,,,,,,,,,,,,,
2019/10/27,,,,,,,,,,,,,,,,,
2019/10/28,깵,,,,,,,,,,,놴^,,,,,
2019/10/29,괉,,,,,,,,,,,,,,,,
2019/10/30,낸,,,,,,,,,,,,,,,,
2019/10/31,뒞,,,,,,,,,,,,,,,,
2019/11/1,,,,놴^,,,,,,,,,,,,,
2019/11/2,늧,,,,,,,,,,,,,,,,
2019/11/3,,,,,,,,,,,,,,,,,
2019/11/4,깵,,,,,,,,,,,,,,,,
2019/11/5,괉,,,,,,놴^,,놴^,,,,,,,,
2019/11/6,낸,,,,,,,놴^,,,,,,,,놴^,놴^
2019/11/7,뒞,,,,,,,,,놴^,,,놴^,,놴^,,
2019/11/8,,놴^,,,,,,,,,,,,,,,
2019/11/9,늧,,,,,,,,,,,,,,,,
2019/11/10,,,,,,,,,,,,,,,,,
2019/11/11,깵,,,,,,,,,,,놴^,,,,,
2019/11/12,괉,,,,,놴^,,,,,,,,,,,
2019/11/13,낸,,놴^,,놴^,,,,,,,,,,,,
2019/11/14,뒞,,,,,,,,,,놴^,,,놴^,,,
2019/11/15,,,,놴^,,,,,,,,,,,,,
2019/11/16,늧,,,,,,,,,,,,,,,,
2019/11/17,,,,,,,,,,,,,,,,,
2019/11/18,깵,,,,,,,,,,,,놴^,,,,놴^
2019/11/19,괉,,,,,,놴^,,놴^,,,,,,,,
2019/11/20,낸,,,,,,,놴^,,,,,,,,놴^,
2019/11/21,뒞,,,,,,,,,놴^,,,,,놴^,,
2019/11/22,,놴^,,,,,,,,,,,,,,,
2019/11/23,늧,,,,,,,,,,,,,,,,
2019/11/24,,,,,,,,,,,,,,,,,
2019/11/25,깵,,,,,,,,,,,놴^,,,,,
2019/11/26,괉,,,,,놴^,,,,,,,,,,,
2019/11/27,낸,,놴^,,놴^,,,,,,,,,,,,
2019/11/28,뒞,,,,,,,,,,놴^,,,놴^,,,
2019/11/29,,,,,,,,,,,,,,,,,
2019/11/30,늧,,,,,,,,,,,,,,,,
2019/12/1,,,,,,,,,,,,,,,,,
2019/12/2,깵,,,,,,,,,,,,놴^,,,,놴^
2019/12/3,괉,,,,,,놴^,,놴^,,,,,,,,
2019/12/4,낸,,,,,,,놴^,,,,,,,,놴^,
2019/12/5,뒞,,,,,,,,,놴^,,,,,놴^,,
2019/12/6,,,,놴^,,,,,,,,,,,,,
2019/12/7,늧,,,,,,,,,,,,,,,,
2019/12/8,,,,,,,,,,,,,,,,,
2019/12/9,깵,,,,,,,,,,,놴^,,,,,
2019/12/10,괉,,,,,놴^,,,,,,,,,,,
2019/12/11,낸,,놴^,,놴^,,,,,,,,,,,,
2019/12/12,뒞,,,,,,,,,,놴^,,,놴^,,,
2019/12/13,,놴^,,,,,,,,,,,,,,,
2019/12/14,늧,,,,,,,,,,,,,,,,
2019/12/15,,,,,,,,,,,,,,,,,
2019/12/16,깵,,,,,,,,,,,,놴^,,,,놴^
2019/12/17,괉,,,,,,놴^,,놴^,,,,,,,,
2019/12/18,낸,,,,,,,놴^,,,,,,,,놴^,
2019/12/19,뒞,,,,,,,,,놴^,,,,,놴^,,
2019/12/20,,,,놴^,,,,,,,,,,,,,
2019/12/21,늧,,,,,,,,,,,,,,,,
2019/12/22,,,,,,,,,,,,,,,,,
2019/12/23,깵,,,,,,,,,,,,,,,,
2019/12/24,괉,,,,,놴^,,,,,,,,,,,
2019/12/25,낸,놴^,놴^,,놴^,,,,,,,,,,,,
2019/12/26,뒞,,,,,,,,,,놴^,놴^,,놴^,,,
2019/12/27,,,,,,,,,,,,,,,,,
2019/12/28,늧,,,,,,,,,,,,,,,,
2019/12/29,,,,,,,,,,,,,,,,,
2019/12/30,깵,,,,,,,,,,,,,,,,
2019/12/31,괉,,,,,,,,,,,,,,,,
2020/1/1,낸,,,,,,,,,,,,,,,,
2020/1/2,뒞,,,,,,,,,,,,,,,,
2020/1/3,,,,,,,,,,,,,,,,,
2020/1/4,늧,,,,,,,,,,,,,,,,
2020/1/5,,,,,,,,,,,,,,,,,
2020/1/6,깵,,,,,,,,,,,,,,,,
2020/1/7,괉,,,,,,놴^,놴^,놴^,,,,,,,,
2020/1/8,낸,,놴^,,놴^,,,,,,,,놴^,,,놴^,
2020/1/9,뒞,,,,,,,,,놴^,놴^,,,놴^,놴^,,놴^
2020/1/10,,놴^,,놴^,,,,,,,,,,,,,
2020/1/11,늧,,,,,,,,,,,,,,,,
2020/1/12,,,,,,,,,,,,,,,,,
2020/1/13,깵,,,,,,,,,,,,,,,,
2020/1/14,괉,,,,,놴^,,,,,,,,,,,
2020/1/15,낸,,,,,,,놴^,,,,놴^,,,,,
2020/1/16,뒞,,,,,,,,,,,,,,,,
2020/1/17,,,,,,,,,,,,,,,,,
2020/1/18,늧,,,,,,,,,,,,,,,,
2020/1/19,,,,,,,,,,,,,,,,,
2020/1/20,깵,,,,,,,,,,,,놴^,,,놴^,놴^
2020/1/21,괉,,,,,,놴^,,놴^,,,,,,,,
2020/1/22,낸,,놴^,,놴^,,,,,,,,,,놴^,,
2020/1/23,뒞,,,,,,,,,,놴^,,,놴^,,,
2020/1/24,,놴^,,,,,,,,,,,,,,,
2020/1/25,늧,,,,,,,,,,,,,,,,
2020/1/26,,,,,,,,,,,,,,,,,
2020/1/27,깵,,,,,,,,,놴^,,놴^,,,,,
2020/1/28,괉,,,놴^,,놴^,,,,,,,,,,,
2020/1/29,낸,,,,,,,,,,,,,,,,
2020/1/30,뒞,,,,,,,,,,,,,,,,
2020/1/31,,,,,,,,,,,,,,,,,
2020/2/1,늧,,,,,,,,,,,,,,,,
2020/2/2,,,,,,,,,,,,,,,,,
2020/2/3,깵,,,,,,,,,,,,놴^,,,,놴^
2020/2/4,괉,,,,,,놴^,,놴^,,,,,,,,
2020/2/5,낸,,,,,,,놴^,,,,,,,,놴^,
2020/2/6,뒞,,,,,,,,,놴^,,,,,놴^,,
2020/2/7,,,,놴^,,,,,,,,,,,,,
2020/2/8,늧,,,,,,,,,,,,,,,,
2020/2/9,,,,,,,,,,,,,,,,,
2020/2/10,깵,,,,,,,,,,,놴^,,,,,
2020/2/11,괉,,,,,,,,,,,,,,,,
2020/2/12,낸,,놴^,,놴^,놴^,,,,,,,,,,,
2020/2/13,뒞,,,,,,,,,,놴^,,,놴^,,,
2020/2/14,,놴^,,,,,,,,,,,,,,,
2020/2/15,늧,,,,,,,,,,,,,,,,
2020/2/16,,,,,,,,,,,,,,,,,
2020/2/17,깵,,,,,,,,,,,,놴^,,,,놴^
2020/2/18,괉,,,,,,놴^,,놴^,,,,,,,,
2020/2/19,낸,,,,,,,놴^,,,,,,,,놴^,
2020/2/20,뒞,,,,,,,,,놴^,,,,,놴^,,
2020/2/21,,,,놴^,,,,,,,,,,,,,
2020/2/22,늧,,,,,,,,,,,,,,,,
2020/2/23,,,,,,,,,,,,,,,,,
2020/2/24,깵,,,,,,,,,,,,,,,,
2020/2/25,괉,,,,,놴^,,,,,,,,,,,
2020/2/26,낸,,놴^,,놴^,,,,,,,,,,,,
2020/2/27,뒞,,,,,,,,,,놴^,놴^,,놴^,,,
2020/2/28,,놴^,,,,,,,,,,,,,,,
2020/2/29,늧,,,,,,,,,,,,,,,,
2020/3/1,,,,,,,,,,,,,,,,,
2020/3/2,깵,,,,,,,,,,,,놴^,,,,놴^
2020/3/3,괉,,,,,,놴^,,놴^,,,,,,,,
2020/3/4,낸,,,,,,,놴^,,,,,,,,놴^,
2020/3/5,뒞,,,,,,,,,놴^,,,,,놴^,,
2020/3/6,,,,놴^,,,,,,,,,,,,,
2020/3/7,늧,,,,,,,,,,,,,,,,
2020/3/8,,,,,,,,,,,,,,,,,
2020/3/9,깵,,,,,,,,,,,놴^,,,,,
2020/3/10,괉,,,,,놴^,,,,,,,,,,,
2020/3/11,낸,,놴^,,놴^,,,,,,,,,,,,
2020/3/12,뒞,,,,,,,,,,놴^,,,놴^,,,
2020/3/13,,놴^,,,,,,,,,,,,,,,
2020/3/14,늧,,,,,,,,,,,,,,,,
2020/3/15,,,,,,,,,,,,,,,,,
2020/3/16,깵,,,,,,,,,,,,놴^,,,,놴^
2020/3/17,괉,,,,,,놴^,,놴^,,,,,,,,
2020/3/18,낸,,,,,,,놴^,,,,,,,,놴^,
2020/3/19,뒞,,,,,,,,,놴^,,,,,놴^,,
2020/3/20,,,,,,,,,,,,,,,,,
2020/3/21,늧,,,,,,,,,,,,,,,,
2020/3/22,,,,,,,,,,,,,,,,,
2020/3/23,깵,,,,,,,,,,,놴^,,,,,
2020/3/24,괉,,,놴^,,놴^,,,,,,,,,,,
2020/3/25,낸,,놴^,,놴^,,,,,,,,,,,,
2020/3/26,뒞,,,,,,,,,,놴^,,,놴^,,,
2020/3/27,,놴^,,,,,,,,,,,,,,,
2020/3/28,늧,,,,,,,,,,,,,,,,
2020/3/29,,,,,,,,,,,,,,,,,
2020/3/30,깵,,,,,,,,,,,,,,,,
2020/3/31,괉,,,,,,,,,,,,,,,,
