"年月日","曜","1","2","3","4","5","6","7","8","9","10","11","12","13","14","15","16","17","18","19","20","21","22","23"
#2024-04-01#,"月","可燃","可燃","可燃","不燃",,"資源","他プラ","資源","他プラ","可燃","可燃","可燃","可燃","可燃","可燃","可燃","可燃","可燃","可燃","可燃",,"他プラ","他プラ"
#2024-04-02#,"火",,"他プラ",,"可燃","可燃","可燃","可燃","可燃","可燃","資源","資源","不燃","不燃","資源","他プラ","リプラ",,"他プラ","他プラ",,"可燃","可燃","可燃"
#2024-04-03#,"水","資源",,"他プラ","リプラ","リプラ","リプラ","リプラ","不燃","不燃","リプラ","リプラ","リプラ","リプラ",,,,"リプラ","リプラ",,"他プラ","リプラ","リプラ",
#2024-04-04#,"木","可燃","可燃","可燃","資源","他プラ","不燃",,"リプラ","リプラ","可燃","可燃","可燃","可燃","可燃","可燃","可燃","可燃","可燃","可燃","可燃","他プラ",,"リプラ"
#2024-04-05#,"金","リプラ","リプラ","リプラ","可燃","可燃","可燃","可燃","可燃","可燃","不燃",,"資源","他プラ","リプラ","リプラ","他プラ","他プラ",,"リプラ","リプラ","可燃","可燃","可燃"
#2024-04-06#,"土",,,,,,,,,,,,,,,,,,,,,,,
#2024-04-07#,"日",,,,,,,,,,,,,,,,,,,,,,,
#2024-04-08#,"月","可燃","可燃","可燃",,"不燃","他プラ","資源","他プラ","資源","可燃","可燃","可燃","可燃","可燃","可燃","可燃","可燃","可燃","可燃","可燃","不燃","資源","資源"
#2024-04-09#,"火","不燃","資源","不燃","可燃","可燃","可燃","可燃","可燃","可燃","他プラ","他プラ",,,"他プラ","資源","リプラ","不燃","資源","資源","不燃","可燃","可燃","可燃"
#2024-04-10#,"水","他プラ","不燃","資源","リプラ","リプラ","リプラ","リプラ",,,"リプラ","リプラ","リプラ","リプラ","不燃","不燃","不燃","リプラ","リプラ","不燃","資源","リプラ","リプラ","不燃"
#2024-04-11#,"木","可燃","可燃","可燃","他プラ","資源",,"不燃","リプラ","リプラ","可燃","可燃","可燃","可燃","可燃","可燃","可燃","可燃","可燃","可燃","可燃","資源","不燃","リプラ"
#2024-04-12#,"金","リプラ","リプラ","リプラ","可燃","可燃","可燃","可燃","可燃","可燃",,"不燃","他プラ","資源","リプラ","リプラ","資源","資源","不燃","リプラ","リプラ","可燃","可燃","可燃"
#2024-04-13#,"土",,,,,,,,,,,,,,,,,,,,,,,
#2024-04-14#,"日",,,,,,,,,,,,,,,,,,,,,,,
#2024-04-15#,"月","可燃","可燃","可燃","不燃",,"資源","他プラ","資源","他プラ","可燃","可燃","可燃","可燃","可燃","可燃","可燃","可燃","可燃","可燃","可燃",,"他プラ","他プラ"
#2024-04-16#,"火",,"他プラ",,"可燃","可燃","可燃","可燃","可燃","可燃","資源","資源","不燃","不燃","資源","他プラ","リプラ",,"他プラ","他プラ",,"可燃","可燃","可燃"
#2024-04-17#,"水","資源",,"他プラ","リプラ","リプラ","リプラ","リプラ","不燃","不燃","リプラ","リプラ","リプラ","リプラ",,,,"リプラ","リプラ",,"他プラ","リプラ","リプラ",
#2024-04-18#,"木","可燃","可燃","可燃","資源","他プラ","不燃",,"リプラ","リプラ","可燃","可燃","可燃","可燃","可燃","可燃","可燃","可燃","可燃","可燃","可燃","他プラ",,"リプラ"
#2024-04-19#,"金","リプラ","リプラ","リプラ","可燃","可燃","可燃","可燃","可燃","可燃","不燃",,"資源","他プラ","リプラ","リプラ","他プラ","他プラ",,"リプラ","リプラ","可燃","可燃","可燃"
#2024-04-20#,"土",,,,,,,,,,,,,,,,,,,,,,,
#2024-04-21#,"日",,,,,,,,,,,,,,,,,,,,,,,
#2024-04-22#,"月","可燃","可燃","可燃",,"不燃","他プラ","資源","他プラ","資源","可燃","可燃","可燃","可燃","可燃","可燃","可燃","可燃","可燃","可燃","可燃","不燃","資源","資源"
#2024-04-23#,"火","不燃","資源","不燃","可燃","可燃","可燃","可燃","可燃","可燃","他プラ","他プラ",,,"他プラ","資源","リプラ","不燃","資源","資源","不燃","可燃","可燃","可燃"
#2024-04-24#,"水","他プラ","不燃","資源","リプラ","リプラ","リプラ","リプラ",,,"リプラ","リプラ","リプラ","リプラ","不燃","不燃","不燃","リプラ","リプラ","不燃","資源","リプラ","リプラ","不燃"
#2024-04-25#,"木","可燃","可燃","可燃","他プラ","資源",,"不燃","リプラ","リプラ","可燃","可燃","可燃","可燃","可燃","可燃","可燃","可燃","可燃","可燃","可燃","資源","不燃","リプラ"
#2024-04-26#,"金","リプラ","リプラ","リプラ","可燃","可燃","可燃","可燃","可燃","可燃",,"不燃","他プラ","資源","リプラ","リプラ","資源","資源","不燃","リプラ","リプラ","可燃","可燃","可燃"
#2024-04-27#,"土",,,,,,,,,,,,,,,,,,,,,,,
#2024-04-28#,"日",,,,,,,,,,,,,,,,,,,,,,,
#2024-04-29#,"月","可燃","可燃","可燃",,,,,,,"可燃","可燃","可燃","可燃","可燃","可燃","可燃","可燃","可燃","可燃","可燃",,,
#2024-04-30#,"火",,,,"可燃","可燃","可燃","可燃","可燃","可燃",,,,,,,"リプラ",,,,,"可燃","可燃","可燃"
#2024-05-01#,"水","資源",,"他プラ","リプラ","リプラ","リプラ","リプラ","不燃","不燃","リプラ","リプラ","リプラ","リプラ",,,,"リプラ","リプラ",,"他プラ","リプラ","リプラ",
#2024-05-02#,"木","可燃","可燃","可燃","資源","他プラ","不燃",,"リプラ","リプラ","可燃","可燃","可燃","可燃","可燃","可燃","可燃","可燃","可燃","可燃","可燃","他プラ",,"リプラ"
#2024-05-03#,"金",,,,,,,,,,"不燃",,"資源","他プラ",,,"他プラ","他プラ",,,,,,
#2024-05-04#,"土",,,,,,,,,,,,,,,,,,,,,,,
#2024-05-05#,"日",,,,,,,,,,,,,,,,,,,,,,,
#2024-05-06#,"月",,,,"不燃",,"資源","他プラ","資源","他プラ",,,,,,,,,,,,,"他プラ","他プラ"
#2024-05-07#,"火",,"他プラ",,"可燃","可燃","可燃","可燃","可燃","可燃","資源","資源","不燃","不燃","資源","他プラ","リプラ",,"他プラ","他プラ",,"可燃","可燃","可燃"
#2024-05-08#,"水","他プラ","不燃","資源","リプラ","リプラ","リプラ","リプラ",,,"リプラ","リプラ","リプラ","リプラ","不燃","不燃","不燃","リプラ","リプラ","不燃","資源","リプラ","リプラ","不燃"
#2024-05-09#,"木","可燃","可燃","可燃","他プラ","資源",,"不燃","リプラ","リプラ","可燃","可燃","可燃","可燃","可燃","可燃","可燃","可燃","可燃","可燃","可燃","資源","不燃","リプラ"
#2024-05-10#,"金","リプラ","リプラ","リプラ","可燃","可燃","可燃","可燃","可燃","可燃",,"不燃","他プラ","資源","リプラ","リプラ","資源","資源","不燃","リプラ","リプラ","可燃","可燃","可燃"
#2024-05-11#,"土",,,,,,,,,,,,,,,,,,,,,,,
#2024-05-12#,"日",,,,,,,,,,,,,,,,,,,,,,,
#2024-05-13#,"月","可燃","可燃","可燃",,"不燃","他プラ","資源","他プラ","資源","可燃","可燃","可燃","可燃","可燃","可燃","可燃","可燃","可燃","可燃","可燃","不燃","資源","資源"
#2024-05-14#,"火","不燃","資源","不燃","可燃","可燃","可燃","可燃","可燃","可燃","他プラ","他プラ",,,"他プラ","資源","リプラ","不燃","資源","資源","不燃","可燃","可燃","可燃"
#2024-05-15#,"水","資源",,"他プラ","リプラ","リプラ","リプラ","リプラ","不燃","不燃","リプラ","リプラ","リプラ","リプラ",,,,"リプラ","リプラ",,"他プラ","リプラ","リプラ",
#2024-05-16#,"木","可燃","可燃","可燃","資源","他プラ","不燃",,"リプラ","リプラ","可燃","可燃","可燃","可燃","可燃","可燃","可燃","可燃","可燃","可燃","可燃","他プラ",,"リプラ"
#2024-05-17#,"金","リプラ","リプラ","リプラ","可燃","可燃","可燃","可燃","可燃","可燃","不燃",,"資源","他プラ","リプラ","リプラ","他プラ","他プラ",,"リプラ","リプラ","可燃","可燃","可燃"
#2024-05-18#,"土",,,,,,,,,,,,,,,,,,,,,,,
#2024-05-19#,"日",,,,,,,,,,,,,,,,,,,,,,,
#2024-05-20#,"月","可燃","可燃","可燃","不燃",,"資源","他プラ","資源","他プラ","可燃","可燃","可燃","可燃","可燃","可燃","可燃","可燃","可燃","可燃","可燃",,"他プラ","他プラ"
#2024-05-21#,"火",,"他プラ",,"可燃","可燃","可燃","可燃","可燃","可燃","資源","資源","不燃","不燃","資源","他プラ","リプラ",,"他プラ","他プラ",,"可燃","可燃","可燃"
#2024-05-22#,"水","他プラ","不燃","資源","リプラ","リプラ","リプラ","リプラ",,,"リプラ","リプラ","リプラ","リプラ","不燃","不燃","不燃","リプラ","リプラ","不燃","資源","リプラ","リプラ","不燃"
#2024-05-23#,"木","可燃","可燃","可燃","他プラ","資源",,"不燃","リプラ","リプラ","可燃","可燃","可燃","可燃","可燃","可燃","可燃","可燃","可燃","可燃","可燃","資源","不燃","リプラ"
#2024-05-24#,"金","リプラ","リプラ","リプラ","可燃","可燃","可燃","可燃","可燃","可燃",,"不燃","他プラ","資源","リプラ","リプラ","資源","資源","不燃","リプラ","リプラ","可燃","可燃","可燃"
#2024-05-25#,"土",,,,,,,,,,,,,,,,,,,,,,,
#2024-05-26#,"日",,,,,,,,,,,,,,,,,,,,,,,
#2024-05-27#,"月","可燃","可燃","可燃",,"不燃","他プラ","資源","他プラ","資源","可燃","可燃","可燃","可燃","可燃","可燃","可燃","可燃","可燃","可燃","可燃","不燃","資源","資源"
#2024-05-28#,"火","不燃","資源","不燃","可燃","可燃","可燃","可燃","可燃","可燃","他プラ","他プラ",,,"他プラ","資源","リプラ","不燃","資源","資源","不燃","可燃","可燃","可燃"
#2024-05-29#,"水",,,,"リプラ","リプラ","リプラ","リプラ",,,"リプラ","リプラ","リプラ","リプラ",,,,"リプラ","リプラ",,,"リプラ","リプラ",
#2024-05-30#,"木","可燃","可燃","可燃",,,,,"リプラ","リプラ","可燃","可燃","可燃","可燃","可燃","可燃","可燃","可燃","可燃","可燃","可燃",,,"リプラ"
#2024-05-31#,"金","リプラ","リプラ","リプラ","可燃","可燃","可燃","可燃","可燃","可燃",,,,,"リプラ","リプラ",,,,"リプラ","リプラ","可燃","可燃","可燃"
#2024-06-01#,"土",,,,,,,,,,,,,,,,,,,,,,,
#2024-06-02#,"日",,,,,,,,,,,,,,,,,,,,,,,
#2024-06-03#,"月","可燃","可燃","可燃","不燃",,"資源","他プラ","資源","他プラ","可燃","可燃","可燃","可燃","可燃","可燃","可燃","可燃","可燃","可燃","可燃",,"他プラ","他プラ"
#2024-06-04#,"火",,"他プラ",,"可燃","可燃","可燃","可燃","可燃","可燃","資源","資源","不燃","不燃","資源","他プラ","リプラ",,"他プラ","他プラ",,"可燃","可燃","可燃"
#2024-06-05#,"水","資源",,"他プラ","リプラ","リプラ","リプラ","リプラ","不燃","不燃","リプラ","リプラ","リプラ","リプラ",,,,"リプラ","リプラ",,"他プラ","リプラ","リプラ",
#2024-06-06#,"木","可燃","可燃","可燃","資源","他プラ","不燃",,"リプラ","リプラ","可燃","可燃","可燃","可燃","可燃","可燃","可燃","可燃","可燃","可燃","可燃","他プラ",,"リプラ"
#2024-06-07#,"金","リプラ","リプラ","リプラ","可燃","可燃","可燃","可燃","可燃","可燃","不燃",,"資源","他プラ","リプラ","リプラ","他プラ","他プラ",,"リプラ","リプラ","可燃","可燃","可燃"
#2024-06-08#,"土",,,,,,,,,,,,,,,,,,,,,,,
#2024-06-09#,"日",,,,,,,,,,,,,,,,,,,,,,,
#2024-06-10#,"月","可燃","可燃","可燃",,"不燃","他プラ","資源","他プラ","資源","可燃","可燃","可燃","可燃","可燃","可燃","可燃","可燃","可燃","可燃","可燃","不燃","資源","資源"
#2024-06-11#,"火","不燃","資源","不燃","可燃","可燃","可燃","可燃","可燃","可燃","他プラ","他プラ",,,"他プラ","資源","リプラ","不燃","資源","資源","不燃","可燃","可燃","可燃"
#2024-06-12#,"水","他プラ","不燃","資源","リプラ","リプラ","リプラ","リプラ",,,"リプラ","リプラ","リプラ","リプラ","不燃","不燃","不燃","リプラ","リプラ","不燃","資源","リプラ","リプラ","不燃"
#2024-06-13#,"木","可燃","可燃","可燃","他プラ","資源",,"不燃","リプラ","リプラ","可燃","可燃","可燃","可燃","可燃","可燃","可燃","可燃","可燃","可燃","可燃","資源","不燃","リプラ"
#2024-06-14#,"金","リプラ","リプラ","リプラ","可燃","可燃","可燃","可燃","可燃","可燃",,"不燃","他プラ","資源","リプラ","リプラ","資源","資源","不燃","リプラ","リプラ","可燃","可燃","可燃"
#2024-06-15#,"土",,,,,,,,,,,,,,,,,,,,,,,
#2024-06-16#,"日",,,,,,,,,,,,,,,,,,,,,,,
#2024-06-17#,"月","可燃","可燃","可燃","不燃",,"資源","他プラ","資源","他プラ","可燃","可燃","可燃","可燃","可燃","可燃","可燃","可燃","可燃","可燃","可燃",,"他プラ","他プラ"
#2024-06-18#,"火",,"他プラ",,"可燃","可燃","可燃","可燃","可燃","可燃","資源","資源","不燃","不燃","資源","他プラ","リプラ",,"他プラ","他プラ",,"可燃","可燃","可燃"
#2024-06-19#,"水","資源",,"他プラ","リプラ","リプラ","リプラ","リプラ","不燃","不燃","リプラ","リプラ","リプラ","リプラ",,,,"リプラ","リプラ",,"他プラ","リプラ","リプラ",
#2024-06-20#,"木","可燃","可燃","可燃","資源","他プラ","不燃",,"リプラ","リプラ","可燃","可燃","可燃","可燃","可燃","可燃","可燃","可燃","可燃","可燃","可燃","他プラ",,"リプラ"
#2024-06-21#,"金","リプラ","リプラ","リプラ","可燃","可燃","可燃","可燃","可燃","可燃","不燃",,"資源","他プラ","リプラ","リプラ","他プラ","他プラ",,"リプラ","リプラ","可燃","可燃","可燃"
#2024-06-22#,"土",,,,,,,,,,,,,,,,,,,,,,,
#2024-06-23#,"日",,,,,,,,,,,,,,,,,,,,,,,
#2024-06-24#,"月","可燃","可燃","可燃",,"不燃","他プラ","資源","他プラ","資源","可燃","可燃","可燃","可燃","可燃","可燃","可燃","可燃","可燃","可燃","可燃","不燃","資源","資源"
#2024-06-25#,"火","不燃","資源","不燃","可燃","可燃","可燃","可燃","可燃","可燃","他プラ","他プラ",,,"他プラ","資源","リプラ","不燃","資源","資源","不燃","可燃","可燃","可燃"
#2024-06-26#,"水","他プラ","不燃","資源","リプラ","リプラ","リプラ","リプラ",,,"リプラ","リプラ","リプラ","リプラ","不燃","不燃","不燃","リプラ","リプラ","不燃","資源","リプラ","リプラ","不燃"
#2024-06-27#,"木","可燃","可燃","可燃","他プラ","資源",,"不燃","リプラ","リプラ","可燃","可燃","可燃","可燃","可燃","可燃","可燃","可燃","可燃","可燃","可燃","資源","不燃","リプラ"
#2024-06-28#,"金","リプラ","リプラ","リプラ","可燃","可燃","可燃","可燃","可燃","可燃",,"不燃","他プラ","資源","リプラ","リプラ","資源","資源","不燃","リプラ","リプラ","可燃","可燃","可燃"
#2024-06-29#,"土",,,,,,,,,,,,,,,,,,,,,,,
#2024-06-30#,"日",,,,,,,,,,,,,,,,,,,,,,,
#2024-07-01#,"月","可燃","可燃","可燃","不燃",,"資源","他プラ","資源","他プラ","可燃","可燃","可燃","可燃","可燃","可燃","可燃","可燃","可燃","可燃","可燃",,"他プラ","他プラ"
#2024-07-02#,"火",,"他プラ",,"可燃","可燃","可燃","可燃","可燃","可燃","資源","資源","不燃","不燃","資源","他プラ","リプラ",,"他プラ","他プラ",,"可燃","可燃","可燃"
#2024-07-03#,"水","資源",,"他プラ","リプラ","リプラ","リプラ","リプラ","不燃","不燃","リプラ","リプラ","リプラ","リプラ",,,,"リプラ","リプラ",,"他プラ","リプラ","リプラ",
#2024-07-04#,"木","可燃","可燃","可燃","資源","他プラ","不燃",,"リプラ","リプラ","可燃","可燃","可燃","可燃","可燃","可燃","可燃","可燃","可燃","可燃","可燃","他プラ",,"リプラ"
#2024-07-05#,"金","リプラ","リプラ","リプラ","可燃","可燃","可燃","可燃","可燃","可燃","不燃",,"資源","他プラ","リプラ","リプラ","他プラ","他プラ",,"リプラ","リプラ","可燃","可燃","可燃"
#2024-07-06#,"土",,,,,,,,,,,,,,,,,,,,,,,
#2024-07-07#,"日",,,,,,,,,,,,,,,,,,,,,,,
#2024-07-08#,"月","可燃","可燃","可燃",,"不燃","他プラ","資源","他プラ","資源","可燃","可燃","可燃","可燃","可燃","可燃","可燃","可燃","可燃","可燃","可燃","不燃","資源","資源"
#2024-07-09#,"火","不燃","資源","不燃","可燃","可燃","可燃","可燃","可燃","可燃","他プラ","他プラ",,,"他プラ","資源","リプラ","不燃","資源","資源","不燃","可燃","可燃","可燃"
#2024-07-10#,"水","他プラ","不燃","資源","リプラ","リプラ","リプラ","リプラ",,,"リプラ","リプラ","リプラ","リプラ","不燃","不燃","不燃","リプラ","リプラ","不燃","資源","リプラ","リプラ","不燃"
#2024-07-11#,"木","可燃","可燃","可燃","他プラ","資源",,"不燃","リプラ","リプラ","可燃","可燃","可燃","可燃","可燃","可燃","可燃","可燃","可燃","可燃","可燃","資源","不燃","リプラ"
#2024-07-12#,"金","リプラ","リプラ","リプラ","可燃","可燃","可燃","可燃","可燃","可燃",,"不燃","他プラ","資源","リプラ","リプラ","資源","資源","不燃","リプラ","リプラ","可燃","可燃","可燃"
#2024-07-13#,"土",,,,,,,,,,,,,,,,,,,,,,,
#2024-07-14#,"日",,,,,,,,,,,,,,,,,,,,,,,
#2024-07-15#,"月","可燃","可燃","可燃","不燃",,"資源","他プラ","資源","他プラ","可燃","可燃","可燃","可燃","可燃","可燃","可燃","可燃","可燃","可燃","可燃",,"他プラ","他プラ"
#2024-07-16#,"火",,"他プラ",,"可燃","可燃","可燃","可燃","可燃","可燃","資源","資源","不燃","不燃","資源","他プラ","リプラ",,"他プラ","他プラ",,"可燃","可燃","可燃"
#2024-07-17#,"水","資源",,"他プラ","リプラ","リプラ","リプラ","リプラ","不燃","不燃","リプラ","リプラ","リプラ","リプラ",,,,"リプラ","リプラ",,"他プラ","リプラ","リプラ",
#2024-07-18#,"木","可燃","可燃","可燃","資源","他プラ","不燃",,"リプラ","リプラ","可燃","可燃","可燃","可燃","可燃","可燃","可燃","可燃","可燃","可燃","可燃","他プラ",,"リプラ"
#2024-07-19#,"金","リプラ","リプラ","リプラ","可燃","可燃","可燃","可燃","可燃","可燃","不燃",,"資源","他プラ","リプラ","リプラ","他プラ","他プラ",,"リプラ","リプラ","可燃","可燃","可燃"
#2024-07-20#,"土",,,,,,,,,,,,,,,,,,,,,,,
#2024-07-21#,"日",,,,,,,,,,,,,,,,,,,,,,,
#2024-07-22#,"月","可燃","可燃","可燃",,"不燃","他プラ","資源","他プラ","資源","可燃","可燃","可燃","可燃","可燃","可燃","可燃","可燃","可燃","可燃","可燃","不燃","資源","資源"
#2024-07-23#,"火","不燃","資源","不燃","可燃","可燃","可燃","可燃","可燃","可燃","他プラ","他プラ",,,"他プラ","資源","リプラ","不燃","資源","資源","不燃","可燃","可燃","可燃"
#2024-07-24#,"水","他プラ","不燃","資源","リプラ","リプラ","リプラ","リプラ",,,"リプラ","リプラ","リプラ","リプラ","不燃","不燃","不燃","リプラ","リプラ","不燃","資源","リプラ","リプラ","不燃"
#2024-07-25#,"木","可燃","可燃","可燃","他プラ","資源",,"不燃","リプラ","リプラ","可燃","可燃","可燃","可燃","可燃","可燃","可燃","可燃","可燃","可燃","可燃","資源","不燃","リプラ"
#2024-07-26#,"金","リプラ","リプラ","リプラ","可燃","可燃","可燃","可燃","可燃","可燃",,"不燃","他プラ","資源","リプラ","リプラ","資源","資源","不燃","リプラ","リプラ","可燃","可燃","可燃"
#2024-07-27#,"土",,,,,,,,,,,,,,,,,,,,,,,
#2024-07-28#,"日",,,,,,,,,,,,,,,,,,,,,,,
#2024-07-29#,"月","可燃","可燃","可燃",,,,,,,"可燃","可燃","可燃","可燃","可燃","可燃","可燃","可燃","可燃","可燃","可燃",,,
#2024-07-30#,"火",,,,"可燃","可燃","可燃","可燃","可燃","可燃",,,,,,,"リプラ",,,,,"可燃","可燃","可燃"
#2024-07-31#,"水",,,,"リプラ","リプラ","リプラ","リプラ",,,"リプラ","リプラ","リプラ","リプラ",,,,"リプラ","リプラ",,,"リプラ","リプラ",
#2024-08-01#,"木","可燃","可燃","可燃","資源","他プラ","不燃",,"リプラ","リプラ","可燃","可燃","可燃","可燃","可燃","可燃","可燃","可燃","可燃","可燃","可燃","他プラ",,"リプラ"
#2024-08-02#,"金","リプラ","リプラ","リプラ","可燃","可燃","可燃","可燃","可燃","可燃","不燃",,"資源","他プラ","リプラ","リプラ","他プラ","他プラ",,"リプラ","リプラ","可燃","可燃","可燃"
#2024-08-03#,"土",,,,,,,,,,,,,,,,,,,,,,,
#2024-08-04#,"日",,,,,,,,,,,,,,,,,,,,,,,
#2024-08-05#,"月","可燃","可燃","可燃","不燃",,"資源","他プラ","資源","他プラ","可燃","可燃","可燃","可燃","可燃","可燃","可燃","可燃","可燃","可燃","可燃",,"他プラ","他プラ"
#2024-08-06#,"火",,"他プラ",,"可燃","可燃","可燃","可燃","可燃","可燃","資源","資源","不燃","不燃","資源","他プラ","リプラ",,"他プラ","他プラ",,"可燃","可燃","可燃"
#2024-08-07#,"水","資源",,"他プラ","リプラ","リプラ","リプラ","リプラ","不燃","不燃","リプラ","リプラ","リプラ","リプラ",,,,"リプラ","リプラ",,"他プラ","リプラ","リプラ",
#2024-08-08#,"木","可燃","可燃","可燃","他プラ","資源",,"不燃","リプラ","リプラ","可燃","可燃","可燃","可燃","可燃","可燃","可燃","可燃","可燃","可燃","可燃","資源","不燃","リプラ"
#2024-08-09#,"金","リプラ","リプラ","リプラ","可燃","可燃","可燃","可燃","可燃","可燃",,"不燃","他プラ","資源","リプラ","リプラ","資源","資源","不燃","リプラ","リプラ","可燃","可燃","可燃"
#2024-08-10#,"土",,,,,,,,,,,,,,,,,,,,,,,
#2024-08-11#,"日",,,,,,,,,,,,,,,,,,,,,,,
#2024-08-12#,"月","可燃","可燃","可燃",,"不燃","他プラ","資源","他プラ","資源","可燃","可燃","可燃","可燃","可燃","可燃","可燃","可燃","可燃","可燃","可燃","不燃","資源","資源"
#2024-08-13#,"火","不燃","資源","不燃","可燃","可燃","可燃","可燃","可燃","可燃","他プラ","他プラ",,,"他プラ","資源","リプラ","不燃","資源","資源","不燃","可燃","可燃","可燃"
#2024-08-14#,"水","他プラ","不燃","資源","リプラ","リプラ","リプラ","リプラ",,,"リプラ","リプラ","リプラ","リプラ","不燃","不燃","不燃","リプラ","リプラ","不燃","資源","リプラ","リプラ","不燃"
#2024-08-15#,"木","可燃","可燃","可燃","資源","他プラ","不燃",,"リプラ","リプラ","可燃","可燃","可燃","可燃","可燃","可燃","可燃","可燃","可燃","可燃","可燃","他プラ",,"リプラ"
#2024-08-16#,"金","リプラ","リプラ","リプラ","可燃","可燃","可燃","可燃","可燃","可燃","不燃",,"資源","他プラ","リプラ","リプラ","他プラ","他プラ",,"リプラ","リプラ","可燃","可燃","可燃"
#2024-08-17#,"土",,,,,,,,,,,,,,,,,,,,,,,
#2024-08-18#,"日",,,,,,,,,,,,,,,,,,,,,,,
#2024-08-19#,"月","可燃","可燃","可燃","不燃",,"資源","他プラ","資源","他プラ","可燃","可燃","可燃","可燃","可燃","可燃","可燃","可燃","可燃","可燃","可燃",,"他プラ","他プラ"
#2024-08-20#,"火",,"他プラ",,"可燃","可燃","可燃","可燃","可燃","可燃","資源","資源","不燃","不燃","資源","他プラ","リプラ",,"他プラ","他プラ",,"可燃","可燃","可燃"
#2024-08-21#,"水","資源",,"他プラ","リプラ","リプラ","リプラ","リプラ","不燃","不燃","リプラ","リプラ","リプラ","リプラ",,,,"リプラ","リプラ",,"他プラ","リプラ","リプラ",
#2024-08-22#,"木","可燃","可燃","可燃","他プラ","資源",,"不燃","リプラ","リプラ","可燃","可燃","可燃","可燃","可燃","可燃","可燃","可燃","可燃","可燃","可燃","資源","不燃","リプラ"
#2024-08-23#,"金","リプラ","リプラ","リプラ","可燃","可燃","可燃","可燃","可燃","可燃",,"不燃","他プラ","資源","リプラ","リプラ","資源","資源","不燃","リプラ","リプラ","可燃","可燃","可燃"
#2024-08-24#,"土",,,,,,,,,,,,,,,,,,,,,,,
#2024-08-25#,"日",,,,,,,,,,,,,,,,,,,,,,,
#2024-08-26#,"月","可燃","可燃","可燃",,"不燃","他プラ","資源","他プラ","資源","可燃","可燃","可燃","可燃","可燃","可燃","可燃","可燃","可燃","可燃","可燃","不燃","資源","資源"
#2024-08-27#,"火","不燃","資源","不燃","可燃","可燃","可燃","可燃","可燃","可燃","他プラ","他プラ",,,"他プラ","資源","リプラ","不燃","資源","資源","不燃","可燃","可燃","可燃"
#2024-08-28#,"水","他プラ","不燃","資源","リプラ","リプラ","リプラ","リプラ",,,"リプラ","リプラ","リプラ","リプラ","不燃","不燃","不燃","リプラ","リプラ","不燃","資源","リプラ","リプラ","不燃"
#2024-08-29#,"木","可燃","可燃","可燃",,,,,"リプラ","リプラ","可燃","可燃","可燃","可燃","可燃","可燃","可燃","可燃","可燃","可燃","可燃",,,"リプラ"
#2024-08-30#,"金","リプラ","リプラ","リプラ","可燃","可燃","可燃","可燃","可燃","可燃",,,,,"リプラ","リプラ",,,,"リプラ","リプラ","可燃","可燃","可燃"
#2024-08-31#,"土",,,,,,,,,,,,,,,,,,,,,,,
#2024-09-01#,"日",,,,,,,,,,,,,,,,,,,,,,,
#2024-09-02#,"月","可燃","可燃","可燃","不燃",,"資源","他プラ","資源","他プラ","可燃","可燃","可燃","可燃","可燃","可燃","可燃","可燃","可燃","可燃","可燃",,"他プラ","他プラ"
#2024-09-03#,"火",,"他プラ",,"可燃","可燃","可燃","可燃","可燃","可燃","資源","資源","不燃","不燃","資源","他プラ","リプラ",,"他プラ","他プラ",,"可燃","可燃","可燃"
#2024-09-04#,"水","資源",,"他プラ","リプラ","リプラ","リプラ","リプラ","不燃","不燃","リプラ","リプラ","リプラ","リプラ",,,,"リプラ","リプラ",,"他プラ","リプラ","リプラ",
#2024-09-05#,"木","可燃","可燃","可燃","資源","他プラ","不燃",,"リプラ","リプラ","可燃","可燃","可燃","可燃","可燃","可燃","可燃","可燃","可燃","可燃","可燃","他プラ",,"リプラ"
#2024-09-06#,"金","リプラ","リプラ","リプラ","可燃","可燃","可燃","可燃","可燃","可燃","不燃",,"資源","他プラ","リプラ","リプラ","他プラ","他プラ",,"リプラ","リプラ","可燃","可燃","可燃"
#2024-09-07#,"土",,,,,,,,,,,,,,,,,,,,,,,
#2024-09-08#,"日",,,,,,,,,,,,,,,,,,,,,,,
#2024-09-09#,"月","可燃","可燃","可燃",,"不燃","他プラ","資源","他プラ","資源","可燃","可燃","可燃","可燃","可燃","可燃","可燃","可燃","可燃","可燃","可燃","不燃","資源","資源"
#2024-09-10#,"火","不燃","資源","不燃","可燃","可燃","可燃","可燃","可燃","可燃","他プラ","他プラ",,,"他プラ","資源","リプラ","不燃","資源","資源","不燃","可燃","可燃","可燃"
#2024-09-11#,"水","他プラ","不燃","資源","リプラ","リプラ","リプラ","リプラ",,,"リプラ","リプラ","リプラ","リプラ","不燃","不燃","不燃","リプラ","リプラ","不燃","資源","リプラ","リプラ","不燃"
#2024-09-12#,"木","可燃","可燃","可燃","他プラ","資源",,"不燃","リプラ","リプラ","可燃","可燃","可燃","可燃","可燃","可燃","可燃","可燃","可燃","可燃","可燃","資源","不燃","リプラ"
#2024-09-13#,"金","リプラ","リプラ","リプラ","可燃","可燃","可燃","可燃","可燃","可燃",,"不燃","他プラ","資源","リプラ","リプラ","資源","資源","不燃","リプラ","リプラ","可燃","可燃","可燃"
#2024-09-14#,"土",,,,,,,,,,,,,,,,,,,,,,,
#2024-09-15#,"日",,,,,,,,,,,,,,,,,,,,,,,
#2024-09-16#,"月","可燃","可燃","可燃","不燃",,"資源","他プラ","資源","他プラ","可燃","可燃","可燃","可燃","可燃","可燃","可燃","可燃","可燃","可燃","可燃",,"他プラ","他プラ"
#2024-09-17#,"火",,"他プラ",,"可燃","可燃","可燃","可燃","可燃","可燃","資源","資源","不燃","不燃","資源","他プラ","リプラ",,"他プラ","他プラ",,"可燃","可燃","可燃"
#2024-09-18#,"水","資源",,"他プラ","リプラ","リプラ","リプラ","リプラ","不燃","不燃","リプラ","リプラ","リプラ","リプラ",,,,"リプラ","リプラ",,"他プラ","リプラ","リプラ",
#2024-09-19#,"木","可燃","可燃","可燃","資源","他プラ","不燃",,"リプラ","リプラ","可燃","可燃","可燃","可燃","可燃","可燃","可燃","可燃","可燃","可燃","可燃","他プラ",,"リプラ"
#2024-09-20#,"金","リプラ","リプラ","リプラ","可燃","可燃","可燃","可燃","可燃","可燃","不燃",,"資源","他プラ","リプラ","リプラ","他プラ","他プラ",,"リプラ","リプラ","可燃","可燃","可燃"
#2024-09-21#,"土",,,,,,,,,,,,,,,,,,,,,,,
#2024-09-22#,"日",,,,,,,,,,,,,,,,,,,,,,,
#2024-09-23#,"月","可燃","可燃","可燃",,"不燃","他プラ","資源","他プラ","資源","可燃","可燃","可燃","可燃","可燃","可燃","可燃","可燃","可燃","可燃","可燃","不燃","資源","資源"
#2024-09-24#,"火","不燃","資源","不燃","可燃","可燃","可燃","可燃","可燃","可燃","他プラ","他プラ",,,"他プラ","資源","リプラ","不燃","資源","資源","不燃","可燃","可燃","可燃"
#2024-09-25#,"水","他プラ","不燃","資源","リプラ","リプラ","リプラ","リプラ",,,"リプラ","リプラ","リプラ","リプラ","不燃","不燃","不燃","リプラ","リプラ","不燃","資源","リプラ","リプラ","不燃"
#2024-09-26#,"木","可燃","可燃","可燃","他プラ","資源",,"不燃","リプラ","リプラ","可燃","可燃","可燃","可燃","可燃","可燃","可燃","可燃","可燃","可燃","可燃","資源","不燃","リプラ"
#2024-09-27#,"金","リプラ","リプラ","リプラ","可燃","可燃","可燃","可燃","可燃","可燃",,"不燃","他プラ","資源","リプラ","リプラ","資源","資源","不燃","リプラ","リプラ","可燃","可燃","可燃"
#2024-09-28#,"土",,,,,,,,,,,,,,,,,,,,,,,
#2024-09-29#,"日",,,,,,,,,,,,,,,,,,,,,,,
#2024-09-30#,"月","可燃","可燃","可燃",,,,,,,"可燃","可燃","可燃","可燃","可燃","可燃","可燃","可燃","可燃","可燃","可燃",,,
#2024-10-01#,"火",,"他プラ",,"可燃","可燃","可燃","可燃","可燃","可燃","資源","資源","不燃","不燃","資源","他プラ","リプラ",,"他プラ","他プラ",,"可燃","可燃","可燃"
#2024-10-02#,"水","資源",,"他プラ","リプラ","リプラ","リプラ","リプラ","不燃","不燃","リプラ","リプラ","リプラ","リプラ",,,,"リプラ","リプラ",,"他プラ","リプラ","リプラ",
#2024-10-03#,"木","可燃","可燃","可燃","資源","他プラ","不燃",,"リプラ","リプラ","可燃","可燃","可燃","可燃","可燃","可燃","可燃","可燃","可燃","可燃","可燃","他プラ",,"リプラ"
#2024-10-04#,"金","リプラ","リプラ","リプラ","可燃","可燃","可燃","可燃","可燃","可燃","不燃",,"資源","他プラ","リプラ","リプラ","他プラ","他プラ",,"リプラ","リプラ","可燃","可燃","可燃"
#2024-10-05#,"土",,,,,,,,,,,,,,,,,,,,,,,
#2024-10-06#,"日",,,,,,,,,,,,,,,,,,,,,,,
#2024-10-07#,"月","可燃","可燃","可燃","不燃",,"資源","他プラ","資源","他プラ","可燃","可燃","可燃","可燃","可燃","可燃","可燃","可燃","可燃","可燃","可燃",,"他プラ","他プラ"
#2024-10-08#,"火","不燃","資源","不燃","可燃","可燃","可燃","可燃","可燃","可燃","他プラ","他プラ",,,"他プラ","資源","リプラ","不燃","資源","資源","不燃","可燃","可燃","可燃"
#2024-10-09#,"水","他プラ","不燃","資源","リプラ","リプラ","リプラ","リプラ",,,"リプラ","リプラ","リプラ","リプラ","不燃","不燃","不燃","リプラ","リプラ","不燃","資源","リプラ","リプラ","不燃"
#2024-10-10#,"木","可燃","可燃","可燃","他プラ","資源",,"不燃","リプラ","リプラ","可燃","可燃","可燃","可燃","可燃","可燃","可燃","可燃","可燃","可燃","可燃","資源","不燃","リプラ"
#2024-10-11#,"金","リプラ","リプラ","リプラ","可燃","可燃","可燃","可燃","可燃","可燃",,"不燃","他プラ","資源","リプラ","リプラ","資源","資源","不燃","リプラ","リプラ","可燃","可燃","可燃"
#2024-10-12#,"土",,,,,,,,,,,,,,,,,,,,,,,
#2024-10-13#,"日",,,,,,,,,,,,,,,,,,,,,,,
#2024-10-14#,"月","可燃","可燃","可燃",,"不燃","他プラ","資源","他プラ","資源","可燃","可燃","可燃","可燃","可燃","可燃","可燃","可燃","可燃","可燃","可燃","不燃","資源","資源"
#2024-10-15#,"火",,"他プラ",,"可燃","可燃","可燃","可燃","可燃","可燃","資源","資源","不燃","不燃","資源","他プラ","リプラ",,"他プラ","他プラ",,"可燃","可燃","可燃"
#2024-10-16#,"水","資源",,"他プラ","リプラ","リプラ","リプラ","リプラ","不燃","不燃","リプラ","リプラ","リプラ","リプラ",,,,"リプラ","リプラ",,"他プラ","リプラ","リプラ",
#2024-10-17#,"木","可燃","可燃","可燃","資源","他プラ","不燃",,"リプラ","リプラ","可燃","可燃","可燃","可燃","可燃","可燃","可燃","可燃","可燃","可燃","可燃","他プラ",,"リプラ"
#2024-10-18#,"金","リプラ","リプラ","リプラ","可燃","可燃","可燃","可燃","可燃","可燃","不燃",,"資源","他プラ","リプラ","リプラ","他プラ","他プラ",,"リプラ","リプラ","可燃","可燃","可燃"
#2024-10-19#,"土",,,,,,,,,,,,,,,,,,,,,,,
#2024-10-20#,"日",,,,,,,,,,,,,,,,,,,,,,,
#2024-10-21#,"月","可燃","可燃","可燃","不燃",,"資源","他プラ","資源","他プラ","可燃","可燃","可燃","可燃","可燃","可燃","可燃","可燃","可燃","可燃","可燃",,"他プラ","他プラ"
#2024-10-22#,"火","不燃","資源","不燃","可燃","可燃","可燃","可燃","可燃","可燃","他プラ","他プラ",,,"他プラ","資源","リプラ","不燃","資源","資源","不燃","可燃","可燃","可燃"
#2024-10-23#,"水","他プラ","不燃","資源","リプラ","リプラ","リプラ","リプラ",,,"リプラ","リプラ","リプラ","リプラ","不燃","不燃","不燃","リプラ","リプラ","不燃","資源","リプラ","リプラ","不燃"
#2024-10-24#,"木","可燃","可燃","可燃","他プラ","資源",,"不燃","リプラ","リプラ","可燃","可燃","可燃","可燃","可燃","可燃","可燃","可燃","可燃","可燃","可燃","資源","不燃","リプラ"
#2024-10-25#,"金","リプラ","リプラ","リプラ","可燃","可燃","可燃","可燃","可燃","可燃",,"不燃","他プラ","資源","リプラ","リプラ","資源","資源","不燃","リプラ","リプラ","可燃","可燃","可燃"
#2024-10-26#,"土",,,,,,,,,,,,,,,,,,,,,,,
#2024-10-27#,"日",,,,,,,,,,,,,,,,,,,,,,,
#2024-10-28#,"月","可燃","可燃","可燃",,"不燃","他プラ","資源","他プラ","資源","可燃","可燃","可燃","可燃","可燃","可燃","可燃","可燃","可燃","可燃","可燃","不燃","資源","資源"
#2024-10-29#,"火",,,,"可燃","可燃","可燃","可燃","可燃","可燃",,,,,,,"リプラ",,,,,"可燃","可燃","可燃"
#2024-10-30#,"水",,,,"リプラ","リプラ","リプラ","リプラ",,,"リプラ","リプラ","リプラ","リプラ",,,,"リプラ","リプラ",,,"リプラ","リプラ",
#2024-10-31#,"木","可燃","可燃","可燃",,,,,"リプラ","リプラ","可燃","可燃","可燃","可燃","可燃","可燃","可燃","可燃","可燃","可燃","可燃",,,"リプラ"
#2024-11-01#,"金","リプラ","リプラ","リプラ","可燃","可燃","可燃","可燃","可燃","可燃","不燃",,"資源","他プラ","リプラ","リプラ","他プラ","他プラ",,"リプラ","リプラ","可燃","可燃","可燃"
#2024-11-02#,"土",,,,,,,,,,,,,,,,,,,,,,,
#2024-11-03#,"日",,,,,,,,,,,,,,,,,,,,,,,
#2024-11-04#,"月",,,,"不燃",,"資源","他プラ","資源","他プラ",,,,,,,,,,,,,"他プラ","他プラ"
#2024-11-05#,"火",,"他プラ",,"可燃","可燃","可燃","可燃","可燃","可燃","資源","資源","不燃","不燃","資源","他プラ","リプラ",,"他プラ","他プラ",,"可燃","可燃","可燃"
#2024-11-06#,"水","資源",,"他プラ","リプラ","リプラ","リプラ","リプラ","不燃","不燃","リプラ","リプラ","リプラ","リプラ",,,,"リプラ","リプラ",,"他プラ","リプラ","リプラ",
#2024-11-07#,"木","可燃","可燃","可燃","資源","他プラ","不燃",,"リプラ","リプラ","可燃","可燃","可燃","可燃","可燃","可燃","可燃","可燃","可燃","可燃","可燃","他プラ",,"リプラ"
#2024-11-08#,"金","リプラ","リプラ","リプラ","可燃","可燃","可燃","可燃","可燃","可燃",,"不燃","他プラ","資源","リプラ","リプラ","資源","資源","不燃","リプラ","リプラ","可燃","可燃","可燃"
#2024-11-09#,"土",,,,,,,,,,,,,,,,,,,,,,,
#2024-11-10#,"日",,,,,,,,,,,,,,,,,,,,,,,
#2024-11-11#,"月","可燃","可燃","可燃",,"不燃","他プラ","資源","他プラ","資源","可燃","可燃","可燃","可燃","可燃","可燃","可燃","可燃","可燃","可燃","可燃","不燃","資源","資源"
#2024-11-12#,"火","不燃","資源","不燃","可燃","可燃","可燃","可燃","可燃","可燃","他プラ","他プラ",,,"他プラ","資源","リプラ","不燃","資源","資源","不燃","可燃","可燃","可燃"
#2024-11-13#,"水","他プラ","不燃","資源","リプラ","リプラ","リプラ","リプラ",,,"リプラ","リプラ","リプラ","リプラ","不燃","不燃","不燃","リプラ","リプラ","不燃","資源","リプラ","リプラ","不燃"
#2024-11-14#,"木","可燃","可燃","可燃","他プラ","資源",,"不燃","リプラ","リプラ","可燃","可燃","可燃","可燃","可燃","可燃","可燃","可燃","可燃","可燃","可燃","資源","不燃","リプラ"
#2024-11-15#,"金","リプラ","リプラ","リプラ","可燃","可燃","可燃","可燃","可燃","可燃","不燃",,"資源","他プラ","リプラ","リプラ","他プラ","他プラ",,"リプラ","リプラ","可燃","可燃","可燃"
#2024-11-16#,"土",,,,,,,,,,,,,,,,,,,,,,,
#2024-11-17#,"日",,,,,,,,,,,,,,,,,,,,,,,
#2024-11-18#,"月","可燃","可燃","可燃","不燃",,"資源","他プラ","資源","他プラ","可燃","可燃","可燃","可燃","可燃","可燃","可燃","可燃","可燃","可燃","可燃",,"他プラ","他プラ"
#2024-11-19#,"火",,"他プラ",,"可燃","可燃","可燃","可燃","可燃","可燃","資源","資源","不燃","不燃","資源","他プラ","リプラ",,"他プラ","他プラ",,"可燃","可燃","可燃"
#2024-11-20#,"水","資源",,"他プラ","リプラ","リプラ","リプラ","リプラ","不燃","不燃","リプラ","リプラ","リプラ","リプラ",,,,"リプラ","リプラ",,"他プラ","リプラ","リプラ",
#2024-11-21#,"木","可燃","可燃","可燃","資源","他プラ","不燃",,"リプラ","リプラ","可燃","可燃","可燃","可燃","可燃","可燃","可燃","可燃","可燃","可燃","可燃","他プラ",,"リプラ"
#2024-11-22#,"金","リプラ","リプラ","リプラ","可燃","可燃","可燃","可燃","可燃","可燃",,"不燃","他プラ","資源","リプラ","リプラ","資源","資源","不燃","リプラ","リプラ","可燃","可燃","可燃"
#2024-11-23#,"土",,,,,,,,,,,,,,,,,,,,,,,
#2024-11-24#,"日",,,,,,,,,,,,,,,,,,,,,,,
#2024-11-25#,"月","可燃","可燃","可燃",,"不燃","他プラ","資源","他プラ","資源","可燃","可燃","可燃","可燃","可燃","可燃","可燃","可燃","可燃","可燃","可燃","不燃","資源","資源"
#2024-11-26#,"火","不燃","資源","不燃","可燃","可燃","可燃","可燃","可燃","可燃","他プラ","他プラ",,,"他プラ","資源","リプラ","不燃","資源","資源","不燃","可燃","可燃","可燃"
#2024-11-27#,"水","他プラ","不燃","資源","リプラ","リプラ","リプラ","リプラ",,,"リプラ","リプラ","リプラ","リプラ","不燃","不燃","不燃","リプラ","リプラ","不燃","資源","リプラ","リプラ","不燃"
#2024-11-28#,"木","可燃","可燃","可燃","他プラ","資源",,"不燃","リプラ","リプラ","可燃","可燃","可燃","可燃","可燃","可燃","可燃","可燃","可燃","可燃","可燃","資源","不燃","リプラ"
#2024-11-29#,"金","リプラ","リプラ","リプラ","可燃","可燃","可燃","可燃","可燃","可燃",,,,,"リプラ","リプラ",,,,"リプラ","リプラ","可燃","可燃","可燃"
#2024-11-30#,"土",,,,,,,,,,,,,,,,,,,,,,,
#2024-12-01#,"日",,,,,,,,,,,,,,,,,,,,,,,
#2024-12-02#,"月","可燃","可燃","可燃","不燃",,"資源","他プラ","資源","他プラ","可燃","可燃","可燃","可燃","可燃","可燃","可燃","可燃","可燃","可燃","可燃",,"他プラ","他プラ"
#2024-12-03#,"火",,"他プラ",,"可燃","可燃","可燃","可燃","可燃","可燃","資源","資源","不燃","不燃","資源","他プラ","リプラ",,"他プラ","他プラ",,"可燃","可燃","可燃"
#2024-12-04#,"水","資源",,"他プラ","リプラ","リプラ","リプラ","リプラ","不燃","不燃","リプラ","リプラ","リプラ","リプラ",,,,"リプラ","リプラ",,"他プラ","リプラ","リプラ",
#2024-12-05#,"木","可燃","可燃","可燃","資源","他プラ","不燃",,"リプラ","リプラ","可燃","可燃","可燃","可燃","可燃","可燃","可燃","可燃","可燃","可燃","可燃","他プラ",,"リプラ"
#2024-12-06#,"金","リプラ","リプラ","リプラ","可燃","可燃","可燃","可燃","可燃","可燃","不燃",,"資源","他プラ","リプラ","リプラ","他プラ","他プラ",,"リプラ","リプラ","可燃","可燃","可燃"
#2024-12-07#,"土",,,,,,,,,,,,,,,,,,,,,,,
#2024-12-08#,"日",,,,,,,,,,,,,,,,,,,,,,,
#2024-12-09#,"月","可燃","可燃","可燃",,"不燃","他プラ","資源","他プラ","資源","可燃","可燃","可燃","可燃","可燃","可燃","可燃","可燃","可燃","可燃","可燃","不燃","資源","資源"
#2024-12-10#,"火","不燃","資源","不燃","可燃","可燃","可燃","可燃","可燃","可燃","他プラ","他プラ",,,"他プラ","資源","リプラ","不燃","資源","資源","不燃","可燃","可燃","可燃"
#2024-12-11#,"水","他プラ","不燃","資源","リプラ","リプラ","リプラ","リプラ",,,"リプラ","リプラ","リプラ","リプラ","不燃","不燃","不燃","リプラ","リプラ","不燃","資源","リプラ","リプラ","不燃"
#2024-12-12#,"木","可燃","可燃","可燃","他プラ","資源",,"不燃","リプラ","リプラ","可燃","可燃","可燃","可燃","可燃","可燃","可燃","可燃","可燃","可燃","可燃","資源","不燃","リプラ"
#2024-12-13#,"金","リプラ","リプラ","リプラ","可燃","可燃","可燃","可燃","可燃","可燃",,"不燃","他プラ","資源","リプラ","リプラ","資源","資源","不燃","リプラ","リプラ","可燃","可燃","可燃"
#2024-12-14#,"土",,,,,,,,,,,,,,,,,,,,,,,
#2024-12-15#,"日",,,,,,,,,,,,,,,,,,,,,,,
#2024-12-16#,"月","可燃","可燃","可燃","不燃",,"資源","他プラ","資源","他プラ","可燃","可燃","可燃","可燃","可燃","可燃","可燃","可燃","可燃","可燃","可燃",,"他プラ","他プラ"
#2024-12-17#,"火",,"他プラ",,"可燃","可燃","可燃","可燃","可燃","可燃","資源","資源","不燃","不燃","資源","他プラ","リプラ",,"他プラ","他プラ",,"可燃","可燃","可燃"
#2024-12-18#,"水","資源",,"他プラ","リプラ","リプラ","リプラ","リプラ","不燃","不燃","リプラ","リプラ","リプラ","リプラ",,,,"リプラ","リプラ",,"他プラ","リプラ","リプラ",
#2024-12-19#,"木","可燃","可燃","可燃","資源","他プラ","不燃",,"リプラ","リプラ","可燃","可燃","可燃","可燃","可燃","可燃","可燃","可燃","可燃","可燃","可燃","他プラ",,"リプラ"
#2024-12-20#,"金","リプラ","リプラ","リプラ","可燃","可燃","可燃","可燃","可燃","可燃","不燃",,"資源","他プラ","リプラ","リプラ","他プラ","他プラ",,"リプラ","リプラ","可燃","可燃","可燃"
#2024-12-21#,"土",,,,,,,,,,,,,,,,,,,,,,,
#2024-12-22#,"日",,,,,,,,,,,,,,,,,,,,,,,
#2024-12-23#,"月","可燃","可燃","可燃",,"不燃","他プラ","資源","他プラ","資源","可燃","可燃","可燃","可燃","可燃","可燃","可燃","可燃","可燃","可燃","可燃","不燃","資源","資源"
#2024-12-24#,"火","不燃","資源","不燃","可燃","可燃","可燃","可燃","可燃","可燃","他プラ","他プラ",,,"他プラ","資源","リプラ","不燃","資源","資源","不燃","可燃","可燃","可燃"
#2024-12-25#,"水","他プラ","不燃","資源","リプラ","リプラ","リプラ","リプラ",,,"リプラ","リプラ","リプラ","リプラ","不燃","不燃","不燃","リプラ","リプラ","不燃","資源","リプラ","リプラ","不燃"
#2024-12-26#,"木","可燃","可燃","可燃","他プラ","資源",,"不燃","リプラ","リプラ","可燃","可燃","可燃","可燃","可燃","可燃","可燃","可燃","可燃","可燃","可燃","資源","不燃","リプラ"
#2024-12-27#,"金","リプラ","リプラ","リプラ","可燃","可燃","可燃","可燃","可燃","可燃",,"不燃","他プラ","資源","リプラ","リプラ","資源","資源","不燃","リプラ","リプラ","可燃","可燃","可燃"
#2024-12-28#,"土",,,,,,,,,,,,,,,,,,,,,,,
#2024-12-29#,"日",,,,,,,,,,,,,,,,,,,,,,,
#2024-12-30#,"月","可燃","可燃","可燃",,,,,,,"可燃","可燃","可燃","可燃","可燃","可燃","可燃","可燃","可燃","可燃","可燃",,,
#2024-12-31#,"火",,,,,,,,,,,,,,,,,,,,,,,
#2025-01-01#,"水",,,,,,,,,,,,,,,,,,,,,,,
#2025-01-02#,"木",,,,,,,,,,,,,,,,,,,,,,,
#2025-01-03#,"金",,,,,,,,,,,,,,,,,,,,,,,
#2025-01-04#,"土","リプラ","リプラ","リプラ","可燃","可燃","可燃","可燃","可燃","可燃",,,,,"リプラ","リプラ",,,,"リプラ","リプラ","可燃","可燃","可燃"
#2025-01-05#,"日",,,,,,,,,,,,,,,,,,,,,,,
#2025-01-06#,"月","可燃","可燃","可燃","不燃",,"資源","他プラ","資源","他プラ","可燃","可燃","可燃","可燃","可燃","可燃","可燃","可燃","可燃","可燃","可燃",,"他プラ","他プラ"
#2025-01-07#,"火",,"他プラ",,"可燃","可燃","可燃","可燃","可燃","可燃","資源","資源","不燃","不燃","資源","他プラ","リプラ",,"他プラ","他プラ",,"可燃","可燃","可燃"
#2025-01-08#,"水","資源","不燃","他プラ","リプラ","リプラ","リプラ","リプラ","不燃","不燃","リプラ","リプラ","リプラ","リプラ",,"不燃",,"リプラ","リプラ","不燃","他プラ","リプラ","リプラ","不燃"
#2025-01-09#,"木","可燃","可燃","可燃","資源","他プラ","不燃","不燃","リプラ","リプラ","可燃","可燃","可燃","可燃","可燃","可燃","可燃","可燃","可燃","可燃","可燃","他プラ","不燃","リプラ"
#2025-01-10#,"金","リプラ","リプラ","リプラ","可燃","可燃","可燃","可燃","可燃","可燃","不燃",,"資源","他プラ","リプラ","リプラ","他プラ","他プラ","不燃","リプラ","リプラ","可燃","可燃","可燃"
#2025-01-11#,"土",,,,,,,,,,,,,,,,,,,,,,,
#2025-01-12#,"日",,,,,,,,,,,,,,,,,,,,,,,
#2025-01-13#,"月","可燃","可燃","可燃",,"不燃","他プラ","資源","他プラ","資源","可燃","可燃","可燃","可燃","可燃","可燃","可燃","可燃","可燃","可燃","可燃","不燃","資源","資源"
#2025-01-14#,"火","不燃","資源","不燃","可燃","可燃","可燃","可燃","可燃","可燃","他プラ","他プラ",,,"他プラ","資源","リプラ","不燃","資源","資源","不燃","可燃","可燃","可燃"
#2025-01-15#,"水","他プラ",,"資源","リプラ","リプラ","リプラ","リプラ",,,"リプラ","リプラ","リプラ","リプラ","不燃",,"不燃","リプラ","リプラ",,"資源","リプラ","リプラ",
#2025-01-16#,"木","可燃","可燃","可燃","他プラ","資源",,,"リプラ","リプラ","可燃","可燃","可燃","可燃","可燃","可燃","可燃","可燃","可燃","可燃","可燃","資源",,"リプラ"
#2025-01-17#,"金","リプラ","リプラ","リプラ","可燃","可燃","可燃","可燃","可燃","可燃",,"不燃","他プラ","資源","リプラ","リプラ","資源","資源",,"リプラ","リプラ","可燃","可燃","可燃"
#2025-01-18#,"土",,,,,,,,,,,,,,,,,,,,,,,
#2025-01-19#,"日",,,,,,,,,,,,,,,,,,,,,,,
#2025-01-20#,"月","可燃","可燃","可燃","不燃",,"資源","他プラ","資源","他プラ","可燃","可燃","可燃","可燃","可燃","可燃","可燃","可燃","可燃","可燃","可燃",,"他プラ","他プラ"
#2025-01-21#,"火",,"他プラ",,"可燃","可燃","可燃","可燃","可燃","可燃","資源","資源","不燃","不燃","資源","他プラ","リプラ",,"他プラ","他プラ",,"可燃","可燃","可燃"
#2025-01-22#,"水","資源","不燃","他プラ","リプラ","リプラ","リプラ","リプラ","不燃","不燃","リプラ","リプラ","リプラ","リプラ",,"不燃",,"リプラ","リプラ","不燃","他プラ","リプラ","リプラ","不燃"
#2025-01-23#,"木","可燃","可燃","可燃","資源","他プラ","不燃","不燃","リプラ","リプラ","可燃","可燃","可燃","可燃","可燃","可燃","可燃","可燃","可燃","可燃","可燃","他プラ","不燃","リプラ"
#2025-01-24#,"金","リプラ","リプラ","リプラ","可燃","可燃","可燃","可燃","可燃","可燃","不燃",,"資源","他プラ","リプラ","リプラ","他プラ","他プラ","不燃","リプラ","リプラ","可燃","可燃","可燃"
#2025-01-25#,"土",,,,,,,,,,,,,,,,,,,,,,,
#2025-01-26#,"日",,,,,,,,,,,,,,,,,,,,,,,
#2025-01-27#,"月","可燃","可燃","可燃",,"不燃","他プラ","資源","他プラ","資源","可燃","可燃","可燃","可燃","可燃","可燃","可燃","可燃","可燃","可燃","可燃","不燃","資源","資源"
#2025-01-28#,"火","不燃","資源","不燃","可燃","可燃","可燃","可燃","可燃","可燃","他プラ","他プラ",,,"他プラ","資源","リプラ","不燃","資源","資源","不燃","可燃","可燃","可燃"
#2025-01-29#,"水","他プラ",,"資源","リプラ","リプラ","リプラ","リプラ",,,"リプラ","リプラ","リプラ","リプラ","不燃",,"不燃","リプラ","リプラ",,"資源","リプラ","リプラ",
#2025-01-30#,"木","可燃","可燃","可燃","他プラ","資源",,,"リプラ","リプラ","可燃","可燃","可燃","可燃","可燃","可燃","可燃","可燃","可燃","可燃","可燃","資源",,"リプラ"
#2025-01-31#,"金","リプラ","リプラ","リプラ","可燃","可燃","可燃","可燃","可燃","可燃",,"不燃","他プラ","資源","リプラ","リプラ","資源","資源",,"リプラ","リプラ","可燃","可燃","可燃"
#2025-02-01#,"土",,,,,,,,,,,,,,,,,,,,,,,
#2025-02-02#,"日",,,,,,,,,,,,,,,,,,,,,,,
#2025-02-03#,"月","可燃","可燃","可燃","不燃",,"資源","他プラ","資源","他プラ","可燃","可燃","可燃","可燃","可燃","可燃","可燃","可燃","可燃","可燃","可燃",,"他プラ","他プラ"
#2025-02-04#,"火",,"他プラ",,"可燃","可燃","可燃","可燃","可燃","可燃","資源","資源","不燃","不燃","資源","他プラ","リプラ",,"他プラ","他プラ",,"可燃","可燃","可燃"
#2025-02-05#,"水","資源",,"他プラ","リプラ","リプラ","リプラ","リプラ","不燃","不燃","リプラ","リプラ","リプラ","リプラ",,,,"リプラ","リプラ",,"他プラ","リプラ","リプラ",
#2025-02-06#,"木","可燃","可燃","可燃","資源","他プラ","不燃",,"リプラ","リプラ","可燃","可燃","可燃","可燃","可燃","可燃","可燃","可燃","可燃","可燃","可燃","他プラ",,"リプラ"
#2025-02-07#,"金","リプラ","リプラ","リプラ","可燃","可燃","可燃","可燃","可燃","可燃","不燃",,"資源","他プラ","リプラ","リプラ","他プラ","他プラ",,"リプラ","リプラ","可燃","可燃","可燃"
#2025-02-08#,"土",,,,,,,,,,,,,,,,,,,,,,,
#2025-02-09#,"日",,,,,,,,,,,,,,,,,,,,,,,
#2025-02-10#,"月","可燃","可燃","可燃",,"不燃","他プラ","資源","他プラ","資源","可燃","可燃","可燃","可燃","可燃","可燃","可燃","可燃","可燃","可燃","可燃","不燃","資源","資源"
#2025-02-11#,"火","不燃","資源","不燃",,,,,,,"他プラ","他プラ",,,"他プラ","資源",,"不燃","資源","資源","不燃",,,
#2025-02-12#,"水","他プラ","不燃","資源","リプラ","リプラ","リプラ","リプラ",,,"リプラ","リプラ","リプラ","リプラ","不燃","不燃","不燃","リプラ","リプラ","不燃","資源","リプラ","リプラ","不燃"
#2025-02-13#,"木","可燃","可燃","可燃","他プラ","資源",,"不燃","リプラ","リプラ","可燃","可燃","可燃","可燃","可燃","可燃","可燃","可燃","可燃","可燃","可燃","資源","不燃","リプラ"
#2025-02-14#,"金","リプラ","リプラ","リプラ","可燃","可燃","可燃","可燃","可燃","可燃",,"不燃","他プラ","資源","リプラ","リプラ","資源","資源","不燃","リプラ","リプラ","可燃","可燃","可燃"
#2025-02-15#,"土",,,,,,,,,,,,,,,,,,,,,,,
#2025-02-16#,"日",,,,,,,,,,,,,,,,,,,,,,,
#2025-02-17#,"月","可燃","可燃","可燃","不燃",,"資源","他プラ","資源","他プラ","可燃","可燃","可燃","可燃","可燃","可燃","可燃","可燃","可燃","可燃","可燃",,"他プラ","他プラ"
#2025-02-18#,"火",,"他プラ",,"可燃","可燃","可燃","可燃","可燃","可燃","資源","資源","不燃","不燃","資源","他プラ","リプラ",,"他プラ","他プラ",,"可燃","可燃","可燃"
#2025-02-19#,"水","資源",,"他プラ","リプラ","リプラ","リプラ","リプラ","不燃","不燃","リプラ","リプラ","リプラ","リプラ",,,,"リプラ","リプラ",,"他プラ","リプラ","リプラ",
#2025-02-20#,"木","可燃","可燃","可燃","資源","他プラ","不燃",,"リプラ","リプラ","可燃","可燃","可燃","可燃","可燃","可燃","可燃","可燃","可燃","可燃","可燃","他プラ",,"リプラ"
#2025-02-21#,"金","リプラ","リプラ","リプラ","可燃","可燃","可燃","可燃","可燃","可燃","不燃",,"資源","他プラ","リプラ","リプラ","他プラ","他プラ",,"リプラ","リプラ","可燃","可燃","可燃"
#2025-02-22#,"土",,,,,,,,,,,,,,,,,,,,,,,
#2025-02-23#,"日",,,,,,,,,,,,,,,,,,,,,,,
#2025-02-24#,"月",,,,,"不燃","他プラ","資源","他プラ","資源",,,,,,,,,,,,"不燃","資源","資源"
#2025-02-25#,"火","不燃","資源","不燃","可燃","可燃","可燃","可燃","可燃","可燃","他プラ","他プラ",,,"他プラ","資源","リプラ","不燃","資源","資源","不燃","可燃","可燃","可燃"
#2025-02-26#,"水","他プラ","不燃","資源","リプラ","リプラ","リプラ","リプラ",,,"リプラ","リプラ","リプラ","リプラ","不燃","不燃","不燃","リプラ","リプラ","不燃","資源","リプラ","リプラ","不燃"
#2025-02-27#,"木","可燃","可燃","可燃","他プラ","資源",,"不燃","リプラ","リプラ","可燃","可燃","可燃","可燃","可燃","可燃","可燃","可燃","可燃","可燃","可燃","資源","不燃","リプラ"
#2025-02-28#,"金","リプラ","リプラ","リプラ","可燃","可燃","可燃","可燃","可燃","可燃",,"不燃","他プラ","資源","リプラ","リプラ","資源","資源","不燃","リプラ","リプラ","可燃","可燃","可燃"
#2025-03-01#,"土",,,,,,,,,,,,,,,,,,,,,,,
#2025-03-02#,"日",,,,,,,,,,,,,,,,,,,,,,,
#2025-03-03#,"月","可燃","可燃","可燃","不燃",,"資源","他プラ","資源","他プラ","可燃","可燃","可燃","可燃","可燃","可燃","可燃","可燃","可燃","可燃","可燃",,"他プラ","他プラ"
#2025-03-04#,"火",,"他プラ",,"可燃","可燃","可燃","可燃","可燃","可燃","資源","資源","不燃","不燃","資源","他プラ","リプラ",,"他プラ","他プラ",,"可燃","可燃","可燃"
#2025-03-05#,"水","資源",,"他プラ","リプラ","リプラ","リプラ","リプラ","不燃","不燃","リプラ","リプラ","リプラ","リプラ",,,,"リプラ","リプラ",,"他プラ","リプラ","リプラ",
#2025-03-06#,"木","可燃","可燃","可燃","資源","他プラ","不燃",,"リプラ","リプラ","可燃","可燃","可燃","可燃","可燃","可燃","可燃","可燃","可燃","可燃","可燃","他プラ",,"リプラ"
#2025-03-07#,"金","リプラ","リプラ","リプラ","可燃","可燃","可燃","可燃","可燃","可燃","不燃",,"資源","他プラ","リプラ","リプラ","他プラ","他プラ",,"リプラ","リプラ","可燃","可燃","可燃"
#2025-03-08#,"土",,,,,,,,,,,,,,,,,,,,,,,
#2025-03-09#,"日",,,,,,,,,,,,,,,,,,,,,,,
#2025-03-10#,"月","可燃","可燃","可燃",,"不燃","他プラ","資源","他プラ","資源","可燃","可燃","可燃","可燃","可燃","可燃","可燃","可燃","可燃","可燃","可燃","不燃","資源","資源"
#2025-03-11#,"火","不燃","資源","不燃","可燃","可燃","可燃","可燃","可燃","可燃","他プラ","他プラ",,,"他プラ","資源","リプラ","不燃","資源","資源","不燃","可燃","可燃","可燃"
#2025-03-12#,"水","他プラ","不燃","資源","リプラ","リプラ","リプラ","リプラ",,,"リプラ","リプラ","リプラ","リプラ","不燃","不燃","不燃","リプラ","リプラ","不燃","資源","リプラ","リプラ","不燃"
#2025-03-13#,"木","可燃","可燃","可燃","他プラ","資源",,"不燃","リプラ","リプラ","可燃","可燃","可燃","可燃","可燃","可燃","可燃","可燃","可燃","可燃","可燃","資源","不燃","リプラ"
#2025-03-14#,"金","リプラ","リプラ","リプラ","可燃","可燃","可燃","可燃","可燃","可燃",,"不燃","他プラ","資源","リプラ","リプラ","資源","資源","不燃","リプラ","リプラ","可燃","可燃","可燃"
#2025-03-15#,"土",,,,,,,,,,,,,,,,,,,,,,,
#2025-03-16#,"日",,,,,,,,,,,,,,,,,,,,,,,
#2025-03-17#,"月","可燃","可燃","可燃","不燃",,"資源","他プラ","資源","他プラ","可燃","可燃","可燃","可燃","可燃","可燃","可燃","可燃","可燃","可燃","可燃",,"他プラ","他プラ"
#2025-03-18#,"火",,"他プラ",,"可燃","可燃","可燃","可燃","可燃","可燃","資源","資源","不燃","不燃","資源","他プラ","リプラ",,"他プラ","他プラ",,"可燃","可燃","可燃"
#2025-03-19#,"水","資源",,"他プラ","リプラ","リプラ","リプラ","リプラ","不燃","不燃","リプラ","リプラ","リプラ","リプラ",,,,"リプラ","リプラ",,"他プラ","リプラ","リプラ",
#2025-03-20#,"木",,,,"資源","他プラ","不燃",,,,,,,,,,,,,,,"他プラ",,
#2025-03-21#,"金","リプラ","リプラ","リプラ","可燃","可燃","可燃","可燃","可燃","可燃","不燃",,"資源","他プラ","リプラ","リプラ","他プラ","他プラ",,"リプラ","リプラ","可燃","可燃","可燃"
#2025-03-22#,"土",,,,,,,,,,,,,,,,,,,,,,,
#2025-03-23#,"日",,,,,,,,,,,,,,,,,,,,,,,
#2025-03-24#,"月","可燃","可燃","可燃",,"不燃","他プラ","資源","他プラ","資源","可燃","可燃","可燃","可燃","可燃","可燃","可燃","可燃","可燃","可燃","可燃","不燃","資源","資源"
#2025-03-25#,"火","不燃","資源","不燃","可燃","可燃","可燃","可燃","可燃","可燃","他プラ","他プラ",,,"他プラ","資源","リプラ","不燃","資源","資源","不燃","可燃","可燃","可燃"
#2025-03-26#,"水","他プラ","不燃","資源","リプラ","リプラ","リプラ","リプラ",,,"リプラ","リプラ","リプラ","リプラ","不燃","不燃","不燃","リプラ","リプラ","不燃","資源","リプラ","リプラ","不燃"
#2025-03-27#,"木","可燃","可燃","可燃","他プラ","資源",,"不燃","リプラ","リプラ","可燃","可燃","可燃","可燃","可燃","可燃","可燃","可燃","可燃","可燃","可燃","資源","不燃","リプラ"
#2025-03-28#,"金","リプラ","リプラ","リプラ","可燃","可燃","可燃","可燃","可燃","可燃",,"不燃","他プラ","資源","リプラ","リプラ","資源","資源","不燃","リプラ","リプラ","可燃","可燃","可燃"
#2025-03-29#,"土",,,,,,,,,,,,,,,,,,,,,,,
#2025-03-30#,"日",,,,,,,,,,,,,,,,,,,,,,,
#2025-03-31#,"月","可燃","可燃","可燃",,,,,,,"可燃","可燃","可燃","可燃","可燃","可燃","可燃","可燃","可燃","可燃","可燃",,,
