"N깵","듥","1","2","3","4","5","6","7","8","9","10","11","12","13","14","15","16"
#2024-04-01#,"깵",,,,,,,,,,,,,"놴^",,,
#2024-04-02#,"괉",,,,"놴^",,,,,,,,,,,,
#2024-04-03#,"낸",,,,,,,,,,,,,,"놴^","놴^","놴^"
#2024-04-04#,"뒞",,,,,,,,,,"놴^",,,,,,
#2024-04-05#,"","놴^",,,,,,,,,,,,,,,
#2024-04-06#,"늧",,,,,,,,,,,,,,,,
#2024-04-07#,"",,,,,,,,,,,,,,,,
#2024-04-08#,"깵",,,,,,,,,,,"놴^","놴^",,,,
#2024-04-09#,"괉",,,"놴^",,,,,,,,,,,,,
#2024-04-10#,"낸",,,,,"놴^","놴^","놴^","놴^",,,,,,,,
#2024-04-11#,"뒞",,,,,,,,,"놴^",,,,,,,
#2024-04-12#,"",,"놴^",,,,,,,,,,,,,,
#2024-04-13#,"늧",,,,,,,,,,,,,,,,
#2024-04-14#,"",,,,,,,,,,,,,,,,
#2024-04-15#,"깵",,,,,,,,,,,,,"놴^",,,
#2024-04-16#,"괉",,,,"놴^",,,,,,,,,,,,
#2024-04-17#,"낸",,,,,,,,,,,,,,"놴^","놴^","놴^"
#2024-04-18#,"뒞",,,,,,,,,,"놴^",,,,,,
#2024-04-19#,"","놴^",,,,,,,,,,,,,,,
#2024-04-20#,"늧",,,,,,,,,,,,,,,,
#2024-04-21#,"",,,,,,,,,,,,,,,,
#2024-04-22#,"깵",,,,,,,,,,,"놴^","놴^",,,,
#2024-04-23#,"괉",,,"놴^",,,,,,,,,,,,,
#2024-04-24#,"낸",,,,,"놴^","놴^","놴^","놴^",,,,,,,,
#2024-04-25#,"뒞",,,,,,,,,"놴^",,,,,,,
#2024-04-26#,"",,"놴^",,,,,,,,,,,,,,
#2024-04-27#,"늧",,,,,,,,,,,,,,,,
#2024-04-28#,"",,,,,,,,,,,,,,,,
#2024-04-29#,"깵",,,,,,,,,,,,,,,,
#2024-04-30#,"괉",,,,,,,,,,,,,,,,
#2024-05-01#,"낸",,,,,,,,,,,,,,,,
#2024-05-02#,"뒞",,,,,,,,,,,,,,,,
#2024-05-03#,"","놴^",,,,,,,,,,,,"놴^","놴^","놴^",
#2024-05-04#,"늧",,,,,,,,,,,,,,,,
#2024-05-05#,"",,,,,,,,,,,,,,,,
#2024-05-06#,"깵",,,,,,,,,,,,,,,,
#2024-05-07#,"괉",,,,"놴^","놴^","놴^",,,,,,,,,,
#2024-05-08#,"낸",,,,,,,"놴^","놴^",,,,,,,,"놴^"
#2024-05-09#,"뒞",,,,,,,,,"놴^","놴^",,,,,,
#2024-05-10#,"",,"놴^",,,,,,,,,,,,,,
#2024-05-11#,"늧",,,,,,,,,,,,,,,,
#2024-05-12#,"",,,,,,,,,,,,,,,,
#2024-05-13#,"깵",,,,,,,,,,,"놴^","놴^",,,,
#2024-05-14#,"괉",,,"놴^",,,,,,,,,,,,,
#2024-05-15#,"낸",,,,,,,,,,,,,,"놴^","놴^","놴^"
#2024-05-16#,"뒞",,,,,,,,,,"놴^",,,,,,
#2024-05-17#,"","놴^",,,,,,,,,,,,,,,
#2024-05-18#,"늧",,,,,,,,,,,,,,,,
#2024-05-19#,"",,,,,,,,,,,,,,,,
#2024-05-20#,"깵",,,,,,,,,,,,,"놴^",,,
#2024-05-21#,"괉",,,,"놴^",,,,,,,,,,,,
#2024-05-22#,"낸",,,,,"놴^","놴^","놴^","놴^",,,,,,,,
#2024-05-23#,"뒞",,,,,,,,,"놴^",,,,,,,
#2024-05-24#,"",,"놴^",,,,,,,,,,,,,,
#2024-05-25#,"늧",,,,,,,,,,,,,,,,
#2024-05-26#,"",,,,,,,,,,,,,,,,
#2024-05-27#,"깵",,,,,,,,,,,"놴^","놴^",,,,
#2024-05-28#,"괉",,,"놴^",,,,,,,,,,,,,
#2024-05-29#,"낸",,,,,,,,,,,,,,,,
#2024-05-30#,"뒞",,,,,,,,,,,,,,,,
#2024-05-31#,"",,,,,,,,,,,,,,,,
#2024-06-01#,"늧",,,,,,,,,,,,,,,,
#2024-06-02#,"",,,,,,,,,,,,,,,,
#2024-06-03#,"깵",,,,,,,,,,,,,"놴^",,,
#2024-06-04#,"괉",,,,"놴^",,,,,,,,,,,,
#2024-06-05#,"낸",,,,,,,,,,,,,,"놴^","놴^","놴^"
#2024-06-06#,"뒞",,,,,,,,,,"놴^",,,,,,
#2024-06-07#,"","놴^",,,,,,,,,,,,,,,
#2024-06-08#,"늧",,,,,,,,,,,,,,,,
#2024-06-09#,"",,,,,,,,,,,,,,,,
#2024-06-10#,"깵",,,,,,,,,,,"놴^","놴^",,,,
#2024-06-11#,"괉",,,"놴^",,,,,,,,,,,,,
#2024-06-12#,"낸",,,,,"놴^","놴^","놴^","놴^",,,,,,,,
#2024-06-13#,"뒞",,,,,,,,,"놴^",,,,,,,
#2024-06-14#,"",,"놴^",,,,,,,,,,,,,,
#2024-06-15#,"늧",,,,,,,,,,,,,,,,
#2024-06-16#,"",,,,,,,,,,,,,,,,
#2024-06-17#,"깵",,,,,,,,,,,,,"놴^",,,
#2024-06-18#,"괉",,,,"놴^",,,,,,,,,,,,
#2024-06-19#,"낸",,,,,,,,,,,,,,"놴^","놴^","놴^"
#2024-06-20#,"뒞",,,,,,,,,,"놴^",,,,,,
#2024-06-21#,"","놴^",,,,,,,,,,,,,,,
#2024-06-22#,"늧",,,,,,,,,,,,,,,,
#2024-06-23#,"",,,,,,,,,,,,,,,,
#2024-06-24#,"깵",,,,,,,,,,,"놴^","놴^",,,,
#2024-06-25#,"괉",,,"놴^",,,,,,,,,,,,,
#2024-06-26#,"낸",,,,,"놴^","놴^","놴^","놴^",,,,,,,,
#2024-06-27#,"뒞",,,,,,,,,"놴^",,,,,,,
#2024-06-28#,"",,"놴^",,,,,,,,,,,,,,
#2024-06-29#,"늧",,,,,,,,,,,,,,,,
#2024-06-30#,"",,,,,,,,,,,,,,,,
#2024-07-01#,"깵",,,,,,,,,,,,,"놴^",,,
#2024-07-02#,"괉",,,,"놴^",,,,,,,,,,,,
#2024-07-03#,"낸",,,,,,,,,,,,,,"놴^","놴^","놴^"
#2024-07-04#,"뒞",,,,,,,,,,"놴^",,,,,,
#2024-07-05#,"","놴^",,,,,,,,,,,,,,,
#2024-07-06#,"늧",,,,,,,,,,,,,,,,
#2024-07-07#,"",,,,,,,,,,,,,,,,
#2024-07-08#,"깵",,,,,,,,,,,"놴^","놴^",,,,
#2024-07-09#,"괉",,,"놴^",,,,,,,,,,,,,
#2024-07-10#,"낸",,,,,"놴^","놴^","놴^","놴^",,,,,,,,
#2024-07-11#,"뒞",,,,,,,,,"놴^",,,,,,,
#2024-07-12#,"",,"놴^",,,,,,,,,,,,,,
#2024-07-13#,"늧",,,,,,,,,,,,,,,,
#2024-07-14#,"",,,,,,,,,,,,,,,,
#2024-07-15#,"깵",,,,,,,,,,,,,"놴^",,,
#2024-07-16#,"괉",,,,"놴^",,,,,,,,,,,,
#2024-07-17#,"낸",,,,,,,,,,,,,,"놴^","놴^","놴^"
#2024-07-18#,"뒞",,,,,,,,,,"놴^",,,,,,
#2024-07-19#,"","놴^",,,,,,,,,,,,,,,
#2024-07-20#,"늧",,,,,,,,,,,,,,,,
#2024-07-21#,"",,,,,,,,,,,,,,,,
#2024-07-22#,"깵",,,,,,,,,,,"놴^","놴^",,,,
#2024-07-23#,"괉",,,"놴^",,,,,,,,,,,,,
#2024-07-24#,"낸",,,,,"놴^","놴^","놴^","놴^",,,,,,,,
#2024-07-25#,"뒞",,,,,,,,,"놴^",,,,,,,
#2024-07-26#,"",,"놴^",,,,,,,,,,,,,,
#2024-07-27#,"늧",,,,,,,,,,,,,,,,
#2024-07-28#,"",,,,,,,,,,,,,,,,
#2024-07-29#,"깵",,,,,,,,,,,,,,,,
#2024-07-30#,"괉",,,,,,,,,,,,,,,,
#2024-07-31#,"낸",,,,,,,,,,,,,,,,
#2024-08-01#,"뒞",,,,,,,,,,"놴^",,,,,,
#2024-08-02#,"","놴^",,,"놴^",,,,,,,,,,,,
#2024-08-03#,"늧",,,,,,,,,,,,,,,,
#2024-08-04#,"",,,,,,,,,,,,,,,,
#2024-08-05#,"깵",,,,,,,,,,,,,"놴^",,,
#2024-08-06#,"괉",,,,,,,,,,,,,,,,
#2024-08-07#,"낸",,,,,,,,,,,,,,"놴^","놴^","놴^"
#2024-08-08#,"뒞",,,,,,,,,"놴^",,,,,,,
#2024-08-09#,"",,"놴^","놴^",,,,,,,,,,,,,
#2024-08-10#,"늧",,,,,,,,,,,,,,,,
#2024-08-11#,"",,,,,,,,,,,,,,,,
#2024-08-12#,"깵",,,,,,,,,,,"놴^","놴^",,,,
#2024-08-13#,"괉",,,,,,,,,,,,,,,,
#2024-08-14#,"낸",,,,,"놴^","놴^","놴^","놴^",,,,,,,,
#2024-08-15#,"뒞",,,,,,,,,,,,,,,,
#2024-08-16#,"",,,,,,,,,,,,,,,,
#2024-08-17#,"늧",,,,,,,,,,,,,,,,
#2024-08-18#,"",,,,,,,,,,,,,,,,
#2024-08-19#,"깵",,,,,,,,,,,,,"놴^",,,
#2024-08-20#,"괉",,,,"놴^",,,,,,,,,,,,
#2024-08-21#,"낸",,,,,,,,,,,,,,"놴^","놴^","놴^"
#2024-08-22#,"뒞",,,,,,,,,"놴^","놴^",,,,,,
#2024-08-23#,"","놴^","놴^",,,,,,,,,,,,,,
#2024-08-24#,"늧",,,,,,,,,,,,,,,,
#2024-08-25#,"",,,,,,,,,,,,,,,,
#2024-08-26#,"깵",,,,,,,,,,,"놴^","놴^",,,,
#2024-08-27#,"괉",,,"놴^",,,,,,,,,,,,,
#2024-08-28#,"낸",,,,,"놴^","놴^","놴^","놴^",,,,,,,,
#2024-08-29#,"뒞",,,,,,,,,,,,,,,,
#2024-08-30#,"",,,,,,,,,,,,,,,,
#2024-08-31#,"늧",,,,,,,,,,,,,,,,
#2024-09-01#,"",,,,,,,,,,,,,,,,
#2024-09-02#,"깵",,,,,,,,,,,,,"놴^",,,
#2024-09-03#,"괉",,,,"놴^",,,,,,,,,,,,
#2024-09-04#,"낸",,,,,,,,,,,,,,"놴^","놴^","놴^"
#2024-09-05#,"뒞",,,,,,,,,,"놴^",,,,,,
#2024-09-06#,"","놴^",,,,,,,,,,,,,,,
#2024-09-07#,"늧",,,,,,,,,,,,,,,,
#2024-09-08#,"",,,,,,,,,,,,,,,,
#2024-09-09#,"깵",,,,,,,,,,,"놴^","놴^",,,,
#2024-09-10#,"괉",,,"놴^",,,,,,,,,,,,,
#2024-09-11#,"낸",,,,,"놴^","놴^","놴^","놴^",,,,,,,,
#2024-09-12#,"뒞",,,,,,,,,"놴^",,,,,,,
#2024-09-13#,"",,"놴^",,,,,,,,,,,,,,
#2024-09-14#,"늧",,,,,,,,,,,,,,,,
#2024-09-15#,"",,,,,,,,,,,,,,,,
#2024-09-16#,"깵",,,,,,,,,,,,,"놴^",,,
#2024-09-17#,"괉",,,,"놴^",,,,,,,,,,,,
#2024-09-18#,"낸",,,,,,,,,,,,,,"놴^","놴^","놴^"
#2024-09-19#,"뒞",,,,,,,,,,"놴^",,,,,,
#2024-09-20#,"","놴^",,,,,,,,,,,,,,,
#2024-09-21#,"늧",,,,,,,,,,,,,,,,
#2024-09-22#,"",,,,,,,,,,,,,,,,
#2024-09-23#,"깵",,,,,,,,,,,,,,,,
#2024-09-24#,"괉",,,"놴^",,,,,,,,,,,,,
#2024-09-25#,"낸",,,,,"놴^","놴^","놴^","놴^",,,,,,,,
#2024-09-26#,"뒞",,,,,,,,,"놴^",,"놴^","놴^",,,,
#2024-09-27#,"",,"놴^",,,,,,,,,,,,,,
#2024-09-28#,"늧",,,,,,,,,,,,,,,,
#2024-09-29#,"",,,,,,,,,,,,,,,,
#2024-09-30#,"깵",,,,,,,,,,,,,,,,
#2024-10-01#,"괉",,,,"놴^",,,,,,,,,,,,
#2024-10-02#,"낸",,,,,,,,,,,,,,"놴^","놴^","놴^"
#2024-10-03#,"뒞",,,,,,,,,,"놴^",,,,,,
#2024-10-04#,"","놴^",,,,,,,,,,,,,,,
#2024-10-05#,"늧",,,,,,,,,,,,,,,,
#2024-10-06#,"",,,,,,,,,,,,,,,,
#2024-10-07#,"깵",,,,,,,,,,,,,"놴^",,,
#2024-10-08#,"괉",,,"놴^",,,,,,,,,,,,,
#2024-10-09#,"낸",,,,,"놴^","놴^","놴^","놴^",,,,,,,,
#2024-10-10#,"뒞",,,,,,,,,"놴^",,,,,,,
#2024-10-11#,"",,"놴^",,,,,,,,,,,,,,
#2024-10-12#,"늧",,,,,,,,,,,,,,,,
#2024-10-13#,"",,,,,,,,,,,,,,,,
#2024-10-14#,"깵",,,,,,,,,,,"놴^","놴^",,,,
#2024-10-15#,"괉",,,,"놴^",,,,,,,,,,,,
#2024-10-16#,"낸",,,,,,,,,,,,,,"놴^","놴^","놴^"
#2024-10-17#,"뒞",,,,,,,,,,"놴^",,,,,,
#2024-10-18#,"","놴^",,,,,,,,,,,,,,,
#2024-10-19#,"늧",,,,,,,,,,,,,,,,
#2024-10-20#,"",,,,,,,,,,,,,,,,
#2024-10-21#,"깵",,,,,,,,,,,,,"놴^",,,
#2024-10-22#,"괉",,,"놴^",,,,,,,,,,,,,
#2024-10-23#,"낸",,,,,"놴^","놴^","놴^","놴^",,,,,,,,
#2024-10-24#,"뒞",,,,,,,,,"놴^",,,,,,,
#2024-10-25#,"",,"놴^",,,,,,,,,,,,,,
#2024-10-26#,"늧",,,,,,,,,,,,,,,,
#2024-10-27#,"",,,,,,,,,,,,,,,,
#2024-10-28#,"깵",,,,,,,,,,,"놴^","놴^",,,,
#2024-10-29#,"괉",,,,,,,,,,,,,,,,
#2024-10-30#,"낸",,,,,,,,,,,,,,,,
#2024-10-31#,"뒞",,,,,,,,,,,,,,,,
#2024-11-01#,"","놴^",,,,,,,,,,,,,,,
#2024-11-02#,"늧",,,,,,,,,,,,,,,,
#2024-11-03#,"",,,,,,,,,,,,,,,,
#2024-11-04#,"깵",,,,,,,,,,,,,"놴^",,,
#2024-11-05#,"괉",,,,"놴^",,,,,,,,,,,,
#2024-11-06#,"낸",,,,,,,,,,,,,,"놴^","놴^","놴^"
#2024-11-07#,"뒞",,,,,,,,,,"놴^",,,,,,
#2024-11-08#,"",,"놴^",,,,,,,,,,,,,,
#2024-11-09#,"늧",,,,,,,,,,,,,,,,
#2024-11-10#,"",,,,,,,,,,,,,,,,
#2024-11-11#,"깵",,,,,,,,,,,"놴^","놴^",,,,
#2024-11-12#,"괉",,,"놴^",,,,,,,,,,,,,
#2024-11-13#,"낸",,,,,"놴^","놴^","놴^","놴^",,,,,,,,
#2024-11-14#,"뒞",,,,,,,,,"놴^",,,,,,,
#2024-11-15#,"","놴^",,,,,,,,,,,,,,,
#2024-11-16#,"늧",,,,,,,,,,,,,,,,
#2024-11-17#,"",,,,,,,,,,,,,,,,
#2024-11-18#,"깵",,,,,,,,,,,,,"놴^",,,
#2024-11-19#,"괉",,,,"놴^",,,,,,,,,,,,
#2024-11-20#,"낸",,,,,,,,,,,,,,"놴^","놴^","놴^"
#2024-11-21#,"뒞",,,,,,,,,,"놴^",,,,,,
#2024-11-22#,"",,"놴^",,,,,,,,,,,,,,
#2024-11-23#,"늧",,,,,,,,,,,,,,,,
#2024-11-24#,"",,,,,,,,,,,,,,,,
#2024-11-25#,"깵",,,,,,,,,,,"놴^","놴^",,,,
#2024-11-26#,"괉",,,"놴^",,,,,,,,,,,,,
#2024-11-27#,"낸",,,,,"놴^","놴^","놴^","놴^",,,,,,,,
#2024-11-28#,"뒞",,,,,,,,,"놴^",,,,,,,
#2024-11-29#,"",,,,,,,,,,,,,,,,
#2024-11-30#,"늧",,,,,,,,,,,,,,,,
#2024-12-01#,"",,,,,,,,,,,,,,,,
#2024-12-02#,"깵",,,,,,,,,,,,,"놴^",,,
#2024-12-03#,"괉",,,,"놴^",,,,,,,,,,,,
#2024-12-04#,"낸",,,,,,,,,,,,,,"놴^","놴^","놴^"
#2024-12-05#,"뒞",,,,,,,,,,"놴^",,,,,,
#2024-12-06#,"","놴^",,,,,,,,,,,,,,,
#2024-12-07#,"늧",,,,,,,,,,,,,,,,
#2024-12-08#,"",,,,,,,,,,,,,,,,
#2024-12-09#,"깵",,,,,,,,,,,"놴^","놴^",,,,
#2024-12-10#,"괉",,,"놴^",,,,,,,,,,,,,
#2024-12-11#,"낸",,,,,"놴^","놴^","놴^","놴^",,,,,,,,
#2024-12-12#,"뒞",,,,,,,,,"놴^",,,,,,,
#2024-12-13#,"",,"놴^",,,,,,,,,,,,,,
#2024-12-14#,"늧",,,,,,,,,,,,,,,,
#2024-12-15#,"",,,,,,,,,,,,,,,,
#2024-12-16#,"깵",,,,,,,,,,,,,"놴^",,,
#2024-12-17#,"괉",,,,"놴^",,,,,,,,,,,,
#2024-12-18#,"낸",,,,,,,,,,,,,,"놴^","놴^","놴^"
#2024-12-19#,"뒞",,,,,,,,,,"놴^",,,,,,
#2024-12-20#,"","놴^",,,,,,,,,,,,,,,
#2024-12-21#,"늧",,,,,,,,,,,,,,,,
#2024-12-22#,"",,,,,,,,,,,,,,,,
#2024-12-23#,"깵",,,,,,,,,,,"놴^","놴^",,,,
#2024-12-24#,"괉",,,"놴^",,,,,,,,,,,,,
#2024-12-25#,"낸",,,,,"놴^","놴^","놴^","놴^",,,,,,,,
#2024-12-26#,"뒞",,,,,,,,,"놴^",,,,,,,
#2024-12-27#,"",,"놴^",,,,,,,,,,,,,,
#2024-12-28#,"늧",,,,,,,,,,,,,,,,
#2024-12-29#,"",,,,,,,,,,,,,,,,
#2024-12-30#,"깵",,,,,,,,,,,,,,,,
#2024-12-31#,"괉",,,,,,,,,,,,,,,,
#2025-01-01#,"낸",,,,,,,,,,,,,,,,
#2025-01-02#,"뒞",,,,,,,,,,,,,,,,
#2025-01-03#,"",,,,,,,,,,,,,,,,
#2025-01-04#,"늧",,,,,,,,,,,,,,,,
#2025-01-05#,"",,,,,,,,,,,,,,,,
#2025-01-06#,"깵",,,,,,,,,,,,,"놴^","놴^","놴^",
#2025-01-07#,"괉",,,,"놴^","놴^","놴^",,,,,,,,,,
#2025-01-08#,"낸",,,,,,,"놴^","놴^",,,,,,,,"놴^"
#2025-01-09#,"뒞",,,,,,,,,"놴^","놴^",,,,,,
#2025-01-10#,"","놴^","놴^",,,,,,,,,,,,,,
#2025-01-11#,"늧",,,,,,,,,,,,,,,,
#2025-01-12#,"",,,,,,,,,,,,,,,,
#2025-01-13#,"깵",,,,,,,,,,,"놴^","놴^",,,,
#2025-01-14#,"괉",,,"놴^",,,,,,,,,,,,,
#2025-01-15#,"낸",,,,,,,,,,,,,,,"놴^","놴^"
#2025-01-16#,"뒞",,,,,,,,,,"놴^",,,,,,
#2025-01-17#,"","놴^",,,,,,,,,,,,,,,
#2025-01-18#,"늧",,,,,,,,,,,,,,,,
#2025-01-19#,"",,,,,,,,,,,,,,,,
#2025-01-20#,"깵",,,,,,,,,,,,,"놴^",,,
#2025-01-21#,"괉",,,,"놴^",,,,,,,,,,,,
#2025-01-22#,"낸",,,,,"놴^","놴^","놴^","놴^",,,,,,"놴^",,
#2025-01-23#,"뒞",,,,,,,,,"놴^",,,,,,,
#2025-01-24#,"",,"놴^",,,,,,,,,,,,,,
#2025-01-25#,"늧",,,,,,,,,,,,,,,,
#2025-01-26#,"",,,,,,,,,,,,,,,,
#2025-01-27#,"깵",,,,,,,,,,,"놴^","놴^",,,,
#2025-01-28#,"괉",,,"놴^",,,,,,,,,,,,,
#2025-01-29#,"낸",,,,,,,,,,,,,,,,
#2025-01-30#,"뒞",,,,,,,,,,,,,,,,
#2025-01-31#,"",,,,,,,,,,,,,,,,
#2025-02-01#,"늧",,,,,,,,,,,,,,,,
#2025-02-02#,"",,,,,,,,,,,,,,,,
#2025-02-03#,"깵",,,,,,,,,,,,,"놴^",,,
#2025-02-04#,"괉",,,,"놴^",,,,,,,,,,,,
#2025-02-05#,"낸",,,,,,,,,,,,,,"놴^","놴^","놴^"
#2025-02-06#,"뒞",,,,,,,,,,"놴^",,,,,,
#2025-02-07#,"","놴^",,,,,,,,,,,,,,,
#2025-02-08#,"늧",,,,,,,,,,,,,,,,
#2025-02-09#,"",,,,,,,,,,,,,,,,
#2025-02-10#,"깵",,,,,,,,,,,"놴^","놴^",,,,
#2025-02-11#,"괉",,,"놴^",,,,,,,,,,,,,
#2025-02-12#,"낸",,,,,"놴^","놴^","놴^","놴^",,,,,,,,
#2025-02-13#,"뒞",,,,,,,,,"놴^",,,,,,,
#2025-02-14#,"",,"놴^",,,,,,,,,,,,,,
#2025-02-15#,"늧",,,,,,,,,,,,,,,,
#2025-02-16#,"",,,,,,,,,,,,,,,,
#2025-02-17#,"깵",,,,,,,,,,,"놴^","놴^","놴^",,,
#2025-02-18#,"괉",,,,"놴^",,,,,,,,,,,,
#2025-02-19#,"낸",,,,,,,,,,,,,,"놴^","놴^","놴^"
#2025-02-20#,"뒞",,,,,,,,,,"놴^",,,,,,
#2025-02-21#,"","놴^",,,,,,,,,,,,,,,
#2025-02-22#,"늧",,,,,,,,,,,,,,,,
#2025-02-23#,"",,,,,,,,,,,,,,,,
#2025-02-24#,"깵",,,,,,,,,,,,,,,,
#2025-02-25#,"괉",,,"놴^",,,,,,,,,,,,,
#2025-02-26#,"낸",,,,,"놴^","놴^","놴^","놴^",,,,,,,,
#2025-02-27#,"뒞",,,,,,,,,"놴^",,,,,,,
#2025-02-28#,"",,"놴^",,,,,,,,,,,,,,
#2025-03-01#,"늧",,,,,,,,,,,,,,,,
#2025-03-02#,"",,,,,,,,,,,,,,,,
#2025-03-03#,"깵",,,,,,,,,,,,,"놴^",,,
#2025-03-04#,"괉",,,,"놴^",,,,,,,,,,,,
#2025-03-05#,"낸",,,,,,,,,,,,,,"놴^","놴^","놴^"
#2025-03-06#,"뒞",,,,,,,,,,"놴^",,,,,,
#2025-03-07#,"","놴^",,,,,,,,,,,,,,,
#2025-03-08#,"늧",,,,,,,,,,,,,,,,
#2025-03-09#,"",,,,,,,,,,,,,,,,
#2025-03-10#,"깵",,,,,,,,,,,"놴^","놴^",,,,
#2025-03-11#,"괉",,,"놴^",,,,,,,,,,,,,
#2025-03-12#,"낸",,,,,"놴^","놴^","놴^","놴^",,,,,,,,
#2025-03-13#,"뒞",,,,,,,,,"놴^",,,,,,,
#2025-03-14#,"",,"놴^",,,,,,,,,,,,,,
#2025-03-15#,"늧",,,,,,,,,,,,,,,,
#2025-03-16#,"",,,,,,,,,,,,,,,,
#2025-03-17#,"깵",,,,,,,,,,,,,"놴^",,,
#2025-03-18#,"괉",,,,"놴^",,,,,,,,,,,,
#2025-03-19#,"낸",,,,,,,,,,,,,,"놴^","놴^","놴^"
#2025-03-20#,"뒞",,,,,,,,,,"놴^",,,,,,
#2025-03-21#,"","놴^",,,,,,,,,,,,,,,
#2025-03-22#,"늧",,,,,,,,,,,,,,,,
#2025-03-23#,"",,,,,,,,,,,,,,,,
#2025-03-24#,"깵",,,,,,,,,,,"놴^","놴^",,,,
#2025-03-25#,"괉",,,"놴^",,,,,,,,,,,,,
#2025-03-26#,"낸",,,,,"놴^","놴^","놴^","놴^",,,,,,,,
#2025-03-27#,"뒞",,,,,,,,,"놴^",,,,,,,
#2025-03-28#,"",,"놴^",,,,,,,,,,,,,,
#2025-03-29#,"늧",,,,,,,,,,,,,,,,
#2025-03-30#,"",,,,,,,,,,,,,,,,
#2025-03-31#,"깵",,,,,,,,,,,,,,,,
