"年月日","曜","1","2","3","4","5","6","7","8","9","10","11","12","13","14","15","16","17","18","19","20"
#2018-04-01#,"日",,,,,,,,,,,,,,,,,,,,
#2018-04-02#,"月","可燃","可燃","可燃","可燃","可燃","可燃","可燃","可燃","可燃","リプラ","資源","資源",,"他プラ","不燃","資源","資源","他プラ",,"不燃"
#2018-04-03#,"火","リプラ","資源","不燃","他プラ","他プラ","不燃",,,"資源","可燃","可燃","可燃","可燃","可燃","可燃","可燃","可燃","可燃","可燃","可燃"
#2018-04-04#,"水","不燃","リプラ","リプラ","リプラ","リプラ","リプラ","資源","他プラ","不燃","不燃","リプラ","リプラ","リプラ","リプラ","リプラ","不燃",,,"資源","他プラ"
#2018-04-05#,"木","可燃","可燃","可燃","可燃","可燃","可燃","可燃","可燃","可燃","資源","不燃",,"資源",,"他プラ","リプラ","リプラ","リプラ","リプラ","リプラ"
#2018-04-06#,"金","他プラ","不燃","資源","不燃",,"他プラ","リプラ","リプラ","リプラ","可燃","可燃","可燃","可燃","可燃","可燃","可燃","可燃","可燃","可燃","可燃"
#2018-04-07#,"土",,,,,,,,,,,,,,,,,,,,
#2018-04-08#,"日",,,,,,,,,,,,,,,,,,,,
#2018-04-09#,"月","可燃","可燃","可燃","可燃","可燃","可燃","可燃","可燃","可燃","リプラ","他プラ","他プラ","不燃","資源",,"他プラ","他プラ","資源","不燃",
#2018-04-10#,"火","リプラ","他プラ",,"資源","資源",,"不燃","不燃","他プラ","可燃","可燃","可燃","可燃","可燃","可燃","可燃","可燃","可燃","可燃","可燃"
#2018-04-11#,"水",,"リプラ","リプラ","リプラ","リプラ","リプラ","他プラ","資源",,,"リプラ","リプラ","リプラ","リプラ","リプラ",,"不燃","不燃","他プラ","資源"
#2018-04-12#,"木","可燃","可燃","可燃","可燃","可燃","可燃","可燃","可燃","可燃","他プラ",,"不燃","他プラ","不燃","資源","リプラ","リプラ","リプラ","リプラ","リプラ"
#2018-04-13#,"金","資源",,"他プラ",,"不燃","資源","リプラ","リプラ","リプラ","可燃","可燃","可燃","可燃","可燃","可燃","可燃","可燃","可燃","可燃","可燃"
#2018-04-14#,"土",,,,,,,,,,,,,,,,,,,,
#2018-04-15#,"日",,,,,,,,,,,,,,,,,,,,
#2018-04-16#,"月","可燃","可燃","可燃","可燃","可燃","可燃","可燃","可燃","可燃","リプラ","資源","資源",,"他プラ","不燃","資源","資源","他プラ",,"不燃"
#2018-04-17#,"火","リプラ","資源","不燃","他プラ","他プラ","不燃",,,"資源","可燃","可燃","可燃","可燃","可燃","可燃","可燃","可燃","可燃","可燃","可燃"
#2018-04-18#,"水","不燃","リプラ","リプラ","リプラ","リプラ","リプラ","資源","他プラ","不燃","不燃","リプラ","リプラ","リプラ","リプラ","リプラ","不燃",,,"資源","他プラ"
#2018-04-19#,"木","可燃","可燃","可燃","可燃","可燃","可燃","可燃","可燃","可燃","資源","不燃",,"資源",,"他プラ","リプラ","リプラ","リプラ","リプラ","リプラ"
#2018-04-20#,"金","他プラ","不燃","資源","不燃",,"他プラ","リプラ","リプラ","リプラ","可燃","可燃","可燃","可燃","可燃","可燃","可燃","可燃","可燃","可燃","可燃"
#2018-04-21#,"土",,,,,,,,,,,,,,,,,,,,
#2018-04-22#,"日",,,,,,,,,,,,,,,,,,,,
#2018-04-23#,"月","可燃","可燃","可燃","可燃","可燃","可燃","可燃","可燃","可燃","リプラ","他プラ","他プラ","不燃","資源",,"他プラ","他プラ","資源","不燃",
#2018-04-24#,"火","リプラ","他プラ",,"資源","資源",,"不燃","不燃","他プラ","可燃","可燃","可燃","可燃","可燃","可燃","可燃","可燃","可燃","可燃","可燃"
#2018-04-25#,"水",,"リプラ","リプラ","リプラ","リプラ","リプラ","他プラ","資源",,,"リプラ","リプラ","リプラ","リプラ","リプラ",,"不燃","不燃","他プラ","資源"
#2018-04-26#,"木","可燃","可燃","可燃","可燃","可燃","可燃","可燃","可燃","可燃","他プラ",,"不燃","他プラ","不燃","資源","リプラ","リプラ","リプラ","リプラ","リプラ"
#2018-04-27#,"金","資源",,"他プラ",,"不燃","資源","リプラ","リプラ","リプラ","可燃","可燃","可燃","可燃","可燃","可燃","可燃","可燃","可燃","可燃","可燃"
#2018-04-28#,"土",,,,,,,,,,,,,,,,,,,,
#2018-04-29#,"日",,,,,,,,,,,,,,,,,,,,
#2018-04-30#,"月","可燃","可燃","可燃","可燃","可燃","可燃","可燃","可燃","可燃","リプラ",,,,,,,,,,
#2018-05-01#,"火","リプラ","資源","不燃","他プラ","他プラ","不燃",,,"資源","可燃","可燃","可燃","可燃","可燃","可燃","可燃","可燃","可燃","可燃","可燃"
#2018-05-02#,"水","不燃","リプラ","リプラ","リプラ","リプラ","リプラ","資源","他プラ","不燃","不燃","リプラ","リプラ","リプラ","リプラ","リプラ","不燃",,,"資源","他プラ"
#2018-05-03#,"木",,,,,,,,,,"資源","不燃",,"資源",,"他プラ",,,,,
#2018-05-04#,"金","他プラ","不燃","資源","不燃",,"他プラ",,,,,,,,,,,,,,
#2018-05-05#,"土",,,,,,,,,,,,,,,,,,,,
#2018-05-06#,"日",,,,,,,,,,,,,,,,,,,,
#2018-05-07#,"月","可燃","可燃","可燃","可燃","可燃","可燃","可燃","可燃","可燃","リプラ","資源","資源",,"他プラ","不燃","資源","資源","他プラ",,"不燃"
#2018-05-08#,"火","リプラ","他プラ",,"資源","資源",,"不燃","不燃","他プラ","可燃","可燃","可燃","可燃","可燃","可燃","可燃","可燃","可燃","可燃","可燃"
#2018-05-09#,"水",,"リプラ","リプラ","リプラ","リプラ","リプラ","他プラ","資源",,,"リプラ","リプラ","リプラ","リプラ","リプラ",,"不燃","不燃","他プラ","資源"
#2018-05-10#,"木","可燃","可燃","可燃","可燃","可燃","可燃","可燃","可燃","可燃","他プラ",,"不燃","他プラ","不燃","資源","リプラ","リプラ","リプラ","リプラ","リプラ"
#2018-05-11#,"金","資源",,"他プラ",,"不燃","資源","リプラ","リプラ","リプラ","可燃","可燃","可燃","可燃","可燃","可燃","可燃","可燃","可燃","可燃","可燃"
#2018-05-12#,"土",,,,,,,,,,,,,,,,,,,,
#2018-05-13#,"日",,,,,,,,,,,,,,,,,,,,
#2018-05-14#,"月","可燃","可燃","可燃","可燃","可燃","可燃","可燃","可燃","可燃","リプラ","他プラ","他プラ","不燃","資源",,"他プラ","他プラ","資源","不燃",
#2018-05-15#,"火","リプラ","資源","不燃","他プラ","他プラ","不燃",,,"資源","可燃","可燃","可燃","可燃","可燃","可燃","可燃","可燃","可燃","可燃","可燃"
#2018-05-16#,"水","不燃","リプラ","リプラ","リプラ","リプラ","リプラ","資源","他プラ","不燃","不燃","リプラ","リプラ","リプラ","リプラ","リプラ","不燃",,,"資源","他プラ"
#2018-05-17#,"木","可燃","可燃","可燃","可燃","可燃","可燃","可燃","可燃","可燃","資源","不燃",,"資源",,"他プラ","リプラ","リプラ","リプラ","リプラ","リプラ"
#2018-05-18#,"金","他プラ","不燃","資源","不燃",,"他プラ","リプラ","リプラ","リプラ","可燃","可燃","可燃","可燃","可燃","可燃","可燃","可燃","可燃","可燃","可燃"
#2018-05-19#,"土",,,,,,,,,,,,,,,,,,,,
#2018-05-20#,"日",,,,,,,,,,,,,,,,,,,,
#2018-05-21#,"月","可燃","可燃","可燃","可燃","可燃","可燃","可燃","可燃","可燃","リプラ","資源","資源",,"他プラ","不燃","資源","資源","他プラ",,"不燃"
#2018-05-22#,"火","リプラ","他プラ",,"資源","資源",,"不燃","不燃","他プラ","可燃","可燃","可燃","可燃","可燃","可燃","可燃","可燃","可燃","可燃","可燃"
#2018-05-23#,"水",,"リプラ","リプラ","リプラ","リプラ","リプラ","他プラ","資源",,,"リプラ","リプラ","リプラ","リプラ","リプラ",,"不燃","不燃","他プラ","資源"
#2018-05-24#,"木","可燃","可燃","可燃","可燃","可燃","可燃","可燃","可燃","可燃","他プラ",,"不燃","他プラ","不燃","資源","リプラ","リプラ","リプラ","リプラ","リプラ"
#2018-05-25#,"金","資源",,"他プラ",,"不燃","資源","リプラ","リプラ","リプラ","可燃","可燃","可燃","可燃","可燃","可燃","可燃","可燃","可燃","可燃","可燃"
#2018-05-26#,"土",,,,,,,,,,,,,,,,,,,,
#2018-05-27#,"日",,,,,,,,,,,,,,,,,,,,
#2018-05-28#,"月","可燃","可燃","可燃","可燃","可燃","可燃","可燃","可燃","可燃","リプラ","他プラ","他プラ","不燃","資源",,"他プラ","他プラ","資源","不燃",
#2018-05-29#,"火","リプラ",,,,,,,,,"可燃","可燃","可燃","可燃","可燃","可燃","可燃","可燃","可燃","可燃","可燃"
#2018-05-30#,"水",,"リプラ","リプラ","リプラ","リプラ","リプラ",,,,,"リプラ","リプラ","リプラ","リプラ","リプラ",,,,,
#2018-05-31#,"木","可燃","可燃","可燃","可燃","可燃","可燃","可燃","可燃","可燃",,,,,,,"リプラ","リプラ","リプラ","リプラ","リプラ"
#2018-06-01#,"金","他プラ","不燃","資源","不燃",,"他プラ","リプラ","リプラ","リプラ","可燃","可燃","可燃","可燃","可燃","可燃","可燃","可燃","可燃","可燃","可燃"
#2018-06-02#,"土",,,,,,,,,,,,,,,,,,,,
#2018-06-03#,"日",,,,,,,,,,,,,,,,,,,,
#2018-06-04#,"月","可燃","可燃","可燃","可燃","可燃","可燃","可燃","可燃","可燃","リプラ","資源","資源",,"他プラ","不燃","資源","資源","他プラ",,"不燃"
#2018-06-05#,"火","リプラ","資源","不燃","他プラ","他プラ","不燃",,,"資源","可燃","可燃","可燃","可燃","可燃","可燃","可燃","可燃","可燃","可燃","可燃"
#2018-06-06#,"水","不燃","リプラ","リプラ","リプラ","リプラ","リプラ","資源","他プラ","不燃","不燃","リプラ","リプラ","リプラ","リプラ","リプラ","不燃",,,"資源","他プラ"
#2018-06-07#,"木","可燃","可燃","可燃","可燃","可燃","可燃","可燃","可燃","可燃","資源","不燃",,"資源",,"他プラ","リプラ","リプラ","リプラ","リプラ","リプラ"
#2018-06-08#,"金","資源",,"他プラ",,"不燃","資源","リプラ","リプラ","リプラ","可燃","可燃","可燃","可燃","可燃","可燃","可燃","可燃","可燃","可燃","可燃"
#2018-06-09#,"土",,,,,,,,,,,,,,,,,,,,
#2018-06-10#,"日",,,,,,,,,,,,,,,,,,,,
#2018-06-11#,"月","可燃","可燃","可燃","可燃","可燃","可燃","可燃","可燃","可燃","リプラ","他プラ","他プラ","不燃","資源",,"他プラ","他プラ","資源","不燃",
#2018-06-12#,"火","リプラ","他プラ",,"資源","資源",,"不燃","不燃","他プラ","可燃","可燃","可燃","可燃","可燃","可燃","可燃","可燃","可燃","可燃","可燃"
#2018-06-13#,"水",,"リプラ","リプラ","リプラ","リプラ","リプラ","他プラ","資源",,,"リプラ","リプラ","リプラ","リプラ","リプラ",,"不燃","不燃","他プラ","資源"
#2018-06-14#,"木","可燃","可燃","可燃","可燃","可燃","可燃","可燃","可燃","可燃","他プラ",,"不燃","他プラ","不燃","資源","リプラ","リプラ","リプラ","リプラ","リプラ"
#2018-06-15#,"金","他プラ","不燃","資源","不燃",,"他プラ","リプラ","リプラ","リプラ","可燃","可燃","可燃","可燃","可燃","可燃","可燃","可燃","可燃","可燃","可燃"
#2018-06-16#,"土",,,,,,,,,,,,,,,,,,,,
#2018-06-17#,"日",,,,,,,,,,,,,,,,,,,,
#2018-06-18#,"月","可燃","可燃","可燃","可燃","可燃","可燃","可燃","可燃","可燃","リプラ","資源","資源",,"他プラ","不燃","資源","資源","他プラ",,"不燃"
#2018-06-19#,"火","リプラ","資源","不燃","他プラ","他プラ","不燃",,,"資源","可燃","可燃","可燃","可燃","可燃","可燃","可燃","可燃","可燃","可燃","可燃"
#2018-06-20#,"水","不燃","リプラ","リプラ","リプラ","リプラ","リプラ","資源","他プラ","不燃","不燃","リプラ","リプラ","リプラ","リプラ","リプラ","不燃",,,"資源","他プラ"
#2018-06-21#,"木","可燃","可燃","可燃","可燃","可燃","可燃","可燃","可燃","可燃","資源","不燃",,"資源",,"他プラ","リプラ","リプラ","リプラ","リプラ","リプラ"
#2018-06-22#,"金","資源",,"他プラ",,"不燃","資源","リプラ","リプラ","リプラ","可燃","可燃","可燃","可燃","可燃","可燃","可燃","可燃","可燃","可燃","可燃"
#2018-06-23#,"土",,,,,,,,,,,,,,,,,,,,
#2018-06-24#,"日",,,,,,,,,,,,,,,,,,,,
#2018-06-25#,"月","可燃","可燃","可燃","可燃","可燃","可燃","可燃","可燃","可燃","リプラ","他プラ","他プラ","不燃","資源",,"他プラ","他プラ","資源","不燃",
#2018-06-26#,"火","リプラ","他プラ",,"資源","資源",,"不燃","不燃","他プラ","可燃","可燃","可燃","可燃","可燃","可燃","可燃","可燃","可燃","可燃","可燃"
#2018-06-27#,"水",,"リプラ","リプラ","リプラ","リプラ","リプラ","他プラ","資源",,,"リプラ","リプラ","リプラ","リプラ","リプラ",,"不燃","不燃","他プラ","資源"
#2018-06-28#,"木","可燃","可燃","可燃","可燃","可燃","可燃","可燃","可燃","可燃","他プラ",,"不燃","他プラ","不燃","資源","リプラ","リプラ","リプラ","リプラ","リプラ"
#2018-06-29#,"金",,,,,,,"リプラ","リプラ","リプラ","可燃","可燃","可燃","可燃","可燃","可燃","可燃","可燃","可燃","可燃","可燃"
#2018-06-30#,"土",,,,,,,,,,,,,,,,,,,,
#2018-07-01#,"日",,,,,,,,,,,,,,,,,,,,
#2018-07-02#,"月","可燃","可燃","可燃","可燃","可燃","可燃","可燃","可燃","可燃","リプラ","資源","資源",,"他プラ","不燃","資源","資源","他プラ",,"不燃"
#2018-07-03#,"火","リプラ","資源","不燃","他プラ","他プラ","不燃",,,"資源","可燃","可燃","可燃","可燃","可燃","可燃","可燃","可燃","可燃","可燃","可燃"
#2018-07-04#,"水","不燃","リプラ","リプラ","リプラ","リプラ","リプラ","資源","他プラ","不燃","不燃","リプラ","リプラ","リプラ","リプラ","リプラ","不燃",,,"資源","他プラ"
#2018-07-05#,"木","可燃","可燃","可燃","可燃","可燃","可燃","可燃","可燃","可燃","資源","不燃",,"資源",,"他プラ","リプラ","リプラ","リプラ","リプラ","リプラ"
#2018-07-06#,"金","他プラ","不燃","資源","不燃",,"他プラ","リプラ","リプラ","リプラ","可燃","可燃","可燃","可燃","可燃","可燃","可燃","可燃","可燃","可燃","可燃"
#2018-07-07#,"土",,,,,,,,,,,,,,,,,,,,
#2018-07-08#,"日",,,,,,,,,,,,,,,,,,,,
#2018-07-09#,"月","可燃","可燃","可燃","可燃","可燃","可燃","可燃","可燃","可燃","リプラ","他プラ","他プラ","不燃","資源",,"他プラ","他プラ","資源","不燃",
#2018-07-10#,"火","リプラ","他プラ",,"資源","資源",,"不燃","不燃","他プラ","可燃","可燃","可燃","可燃","可燃","可燃","可燃","可燃","可燃","可燃","可燃"
#2018-07-11#,"水",,"リプラ","リプラ","リプラ","リプラ","リプラ","他プラ","資源",,,"リプラ","リプラ","リプラ","リプラ","リプラ",,"不燃","不燃","他プラ","資源"
#2018-07-12#,"木","可燃","可燃","可燃","可燃","可燃","可燃","可燃","可燃","可燃","他プラ",,"不燃","他プラ","不燃","資源","リプラ","リプラ","リプラ","リプラ","リプラ"
#2018-07-13#,"金","資源",,"他プラ",,"不燃","資源","リプラ","リプラ","リプラ","可燃","可燃","可燃","可燃","可燃","可燃","可燃","可燃","可燃","可燃","可燃"
#2018-07-14#,"土",,,,,,,,,,,,,,,,,,,,
#2018-07-15#,"日",,,,,,,,,,,,,,,,,,,,
#2018-07-16#,"月","可燃","可燃","可燃","可燃","可燃","可燃","可燃","可燃","可燃","リプラ","資源","資源",,"他プラ","不燃","資源","資源","他プラ",,"不燃"
#2018-07-17#,"火","リプラ","資源","不燃","他プラ","他プラ","不燃",,,"資源","可燃","可燃","可燃","可燃","可燃","可燃","可燃","可燃","可燃","可燃","可燃"
#2018-07-18#,"水","不燃","リプラ","リプラ","リプラ","リプラ","リプラ","資源","他プラ","不燃","不燃","リプラ","リプラ","リプラ","リプラ","リプラ","不燃",,,"資源","他プラ"
#2018-07-19#,"木","可燃","可燃","可燃","可燃","可燃","可燃","可燃","可燃","可燃","資源","不燃",,"資源",,"他プラ","リプラ","リプラ","リプラ","リプラ","リプラ"
#2018-07-20#,"金","他プラ","不燃","資源","不燃",,"他プラ","リプラ","リプラ","リプラ","可燃","可燃","可燃","可燃","可燃","可燃","可燃","可燃","可燃","可燃","可燃"
#2018-07-21#,"土",,,,,,,,,,,,,,,,,,,,
#2018-07-22#,"日",,,,,,,,,,,,,,,,,,,,
#2018-07-23#,"月","可燃","可燃","可燃","可燃","可燃","可燃","可燃","可燃","可燃","リプラ","他プラ","他プラ","不燃","資源",,"他プラ","他プラ","資源","不燃",
#2018-07-24#,"火","リプラ","他プラ",,"資源","資源",,"不燃","不燃","他プラ","可燃","可燃","可燃","可燃","可燃","可燃","可燃","可燃","可燃","可燃","可燃"
#2018-07-25#,"水",,"リプラ","リプラ","リプラ","リプラ","リプラ","他プラ","資源",,,"リプラ","リプラ","リプラ","リプラ","リプラ",,"不燃","不燃","他プラ","資源"
#2018-07-26#,"木","可燃","可燃","可燃","可燃","可燃","可燃","可燃","可燃","可燃","他プラ",,"不燃","他プラ","不燃","資源","リプラ","リプラ","リプラ","リプラ","リプラ"
#2018-07-27#,"金","資源",,"他プラ",,"不燃","資源","リプラ","リプラ","リプラ","可燃","可燃","可燃","可燃","可燃","可燃","可燃","可燃","可燃","可燃","可燃"
#2018-07-28#,"土",,,,,,,,,,,,,,,,,,,,
#2018-07-29#,"日",,,,,,,,,,,,,,,,,,,,
#2018-07-30#,"月","可燃","可燃","可燃","可燃","可燃","可燃","可燃","可燃","可燃","リプラ",,,,,,,,,,
#2018-07-31#,"火","リプラ",,,,,,,,,"可燃","可燃","可燃","可燃","可燃","可燃","可燃","可燃","可燃","可燃","可燃"
#2018-08-01#,"水","不燃","リプラ","リプラ","リプラ","リプラ","リプラ","資源","他プラ","不燃","不燃","リプラ","リプラ","リプラ","リプラ","リプラ","不燃",,,"資源","他プラ"
#2018-08-02#,"木","可燃","可燃","可燃","可燃","可燃","可燃","可燃","可燃","可燃","資源","不燃",,"資源",,"他プラ","リプラ","リプラ","リプラ","リプラ","リプラ"
#2018-08-03#,"金","他プラ","不燃","資源","不燃",,"他プラ","リプラ","リプラ","リプラ","可燃","可燃","可燃","可燃","可燃","可燃","可燃","可燃","可燃","可燃","可燃"
#2018-08-04#,"土",,,,,,,,,,,,,,,,,,,,
#2018-08-05#,"日",,,,,,,,,,,,,,,,,,,,
#2018-08-06#,"月","可燃","可燃","可燃","可燃","可燃","可燃","可燃","可燃","可燃","リプラ","資源","資源",,"他プラ","不燃","資源","資源","他プラ",,"不燃"
#2018-08-07#,"火","リプラ","資源","不燃","他プラ","他プラ","不燃",,,"資源","可燃","可燃","可燃","可燃","可燃","可燃","可燃","可燃","可燃","可燃","可燃"
#2018-08-08#,"水",,"リプラ","リプラ","リプラ","リプラ","リプラ","他プラ","資源",,,"リプラ","リプラ","リプラ","リプラ","リプラ",,"不燃","不燃","他プラ","資源"
#2018-08-09#,"木","可燃","可燃","可燃","可燃","可燃","可燃","可燃","可燃","可燃","他プラ",,"不燃","他プラ","不燃","資源","リプラ","リプラ","リプラ","リプラ","リプラ"
#2018-08-10#,"金","資源",,"他プラ",,"不燃","資源","リプラ","リプラ","リプラ","可燃","可燃","可燃","可燃","可燃","可燃","可燃","可燃","可燃","可燃","可燃"
#2018-08-11#,"土",,,,,,,,,,,,,,,,,,,,
#2018-08-12#,"日",,,,,,,,,,,,,,,,,,,,
#2018-08-13#,"月","可燃","可燃","可燃","可燃","可燃","可燃","可燃","可燃","可燃","リプラ","他プラ","他プラ","不燃","資源",,"他プラ","他プラ","資源","不燃",
#2018-08-14#,"火","リプラ","他プラ",,"資源","資源",,"不燃","不燃","他プラ","可燃","可燃","可燃","可燃","可燃","可燃","可燃","可燃","可燃","可燃","可燃"
#2018-08-15#,"水","不燃","リプラ","リプラ","リプラ","リプラ","リプラ","資源","他プラ","不燃","不燃","リプラ","リプラ","リプラ","リプラ","リプラ","不燃",,,"資源","他プラ"
#2018-08-16#,"木","可燃","可燃","可燃","可燃","可燃","可燃","可燃","可燃","可燃","資源","不燃",,"資源",,"他プラ","リプラ","リプラ","リプラ","リプラ","リプラ"
#2018-08-17#,"金","他プラ","不燃","資源","不燃",,"他プラ","リプラ","リプラ","リプラ","可燃","可燃","可燃","可燃","可燃","可燃","可燃","可燃","可燃","可燃","可燃"
#2018-08-18#,"土",,,,,,,,,,,,,,,,,,,,
#2018-08-19#,"日",,,,,,,,,,,,,,,,,,,,
#2018-08-20#,"月","可燃","可燃","可燃","可燃","可燃","可燃","可燃","可燃","可燃","リプラ","資源","資源",,"他プラ","不燃","資源","資源","他プラ",,"不燃"
#2018-08-21#,"火","リプラ","資源","不燃","他プラ","他プラ","不燃",,,"資源","可燃","可燃","可燃","可燃","可燃","可燃","可燃","可燃","可燃","可燃","可燃"
#2018-08-22#,"水",,"リプラ","リプラ","リプラ","リプラ","リプラ","他プラ","資源",,,"リプラ","リプラ","リプラ","リプラ","リプラ",,"不燃","不燃","他プラ","資源"
#2018-08-23#,"木","可燃","可燃","可燃","可燃","可燃","可燃","可燃","可燃","可燃","他プラ",,"不燃","他プラ","不燃","資源","リプラ","リプラ","リプラ","リプラ","リプラ"
#2018-08-24#,"金","資源",,"他プラ",,"不燃","資源","リプラ","リプラ","リプラ","可燃","可燃","可燃","可燃","可燃","可燃","可燃","可燃","可燃","可燃","可燃"
#2018-08-25#,"土",,,,,,,,,,,,,,,,,,,,
#2018-08-26#,"日",,,,,,,,,,,,,,,,,,,,
#2018-08-27#,"月","可燃","可燃","可燃","可燃","可燃","可燃","可燃","可燃","可燃","リプラ","他プラ","他プラ","不燃","資源",,"他プラ","他プラ","資源","不燃",
#2018-08-28#,"火","リプラ","他プラ",,"資源","資源",,"不燃","不燃","他プラ","可燃","可燃","可燃","可燃","可燃","可燃","可燃","可燃","可燃","可燃","可燃"
#2018-08-29#,"水",,"リプラ","リプラ","リプラ","リプラ","リプラ",,,,,"リプラ","リプラ","リプラ","リプラ","リプラ",,,,,
#2018-08-30#,"木","可燃","可燃","可燃","可燃","可燃","可燃","可燃","可燃","可燃",,,,,,,"リプラ","リプラ","リプラ","リプラ","リプラ"
#2018-08-31#,"金",,,,,,,"リプラ","リプラ","リプラ","可燃","可燃","可燃","可燃","可燃","可燃","可燃","可燃","可燃","可燃","可燃"
#2018-09-01#,"土",,,,,,,,,,,,,,,,,,,,
#2018-09-02#,"日",,,,,,,,,,,,,,,,,,,,
#2018-09-03#,"月","可燃","可燃","可燃","可燃","可燃","可燃","可燃","可燃","可燃","リプラ","資源","資源",,"他プラ","不燃","資源","資源","他プラ",,"不燃"
#2018-09-04#,"火","リプラ","資源","不燃","他プラ","他プラ","不燃",,,"資源","可燃","可燃","可燃","可燃","可燃","可燃","可燃","可燃","可燃","可燃","可燃"
#2018-09-05#,"水","不燃","リプラ","リプラ","リプラ","リプラ","リプラ","資源","他プラ","不燃","不燃","リプラ","リプラ","リプラ","リプラ","リプラ","不燃",,,"資源","他プラ"
#2018-09-06#,"木","可燃","可燃","可燃","可燃","可燃","可燃","可燃","可燃","可燃","資源","不燃",,"資源",,"他プラ","リプラ","リプラ","リプラ","リプラ","リプラ"
#2018-09-07#,"金","他プラ","不燃","資源","不燃",,"他プラ","リプラ","リプラ","リプラ","可燃","可燃","可燃","可燃","可燃","可燃","可燃","可燃","可燃","可燃","可燃"
#2018-09-08#,"土",,,,,,,,,,,,,,,,,,,,
#2018-09-09#,"日",,,,,,,,,,,,,,,,,,,,
#2018-09-10#,"月","可燃","可燃","可燃","可燃","可燃","可燃","可燃","可燃","可燃","リプラ","他プラ","他プラ","不燃","資源",,"他プラ","他プラ","資源","不燃",
#2018-09-11#,"火","リプラ","他プラ",,"資源","資源",,"不燃","不燃","他プラ","可燃","可燃","可燃","可燃","可燃","可燃","可燃","可燃","可燃","可燃","可燃"
#2018-09-12#,"水",,"リプラ","リプラ","リプラ","リプラ","リプラ","他プラ","資源",,,"リプラ","リプラ","リプラ","リプラ","リプラ",,"不燃","不燃","他プラ","資源"
#2018-09-13#,"木","可燃","可燃","可燃","可燃","可燃","可燃","可燃","可燃","可燃","他プラ",,"不燃","他プラ","不燃","資源","リプラ","リプラ","リプラ","リプラ","リプラ"
#2018-09-14#,"金","資源",,"他プラ",,"不燃","資源","リプラ","リプラ","リプラ","可燃","可燃","可燃","可燃","可燃","可燃","可燃","可燃","可燃","可燃","可燃"
#2018-09-15#,"土",,,,,,,,,,,,,,,,,,,,
#2018-09-16#,"日",,,,,,,,,,,,,,,,,,,,
#2018-09-17#,"月","可燃","可燃","可燃","可燃","可燃","可燃","可燃","可燃","可燃","リプラ","資源","資源",,"他プラ","不燃","資源","資源","他プラ",,"不燃"
#2018-09-18#,"火","リプラ","資源","不燃","他プラ","他プラ","不燃",,,"資源","可燃","可燃","可燃","可燃","可燃","可燃","可燃","可燃","可燃","可燃","可燃"
#2018-09-19#,"水","不燃","リプラ","リプラ","リプラ","リプラ","リプラ","資源","他プラ","不燃","不燃","リプラ","リプラ","リプラ","リプラ","リプラ","不燃",,,"資源","他プラ"
#2018-09-20#,"木","可燃","可燃","可燃","可燃","可燃","可燃","可燃","可燃","可燃","資源","不燃",,"資源",,"他プラ","リプラ","リプラ","リプラ","リプラ","リプラ"
#2018-09-21#,"金","他プラ","不燃","資源","不燃",,"他プラ","リプラ","リプラ","リプラ","可燃","可燃","可燃","可燃","可燃","可燃","可燃","可燃","可燃","可燃","可燃"
#2018-09-22#,"土",,,,,,,,,,,,,,,,,,,,
#2018-09-23#,"日",,,,,,,,,,,,,,,,,,,,
#2018-09-24#,"月","可燃","可燃","可燃","可燃","可燃","可燃","可燃","可燃","可燃","リプラ","他プラ","他プラ","不燃","資源",,"他プラ","他プラ","資源","不燃",
#2018-09-25#,"火","リプラ","他プラ",,"資源","資源",,"不燃","不燃","他プラ","可燃","可燃","可燃","可燃","可燃","可燃","可燃","可燃","可燃","可燃","可燃"
#2018-09-26#,"水",,"リプラ","リプラ","リプラ","リプラ","リプラ","他プラ","資源",,,"リプラ","リプラ","リプラ","リプラ","リプラ",,"不燃","不燃","他プラ","資源"
#2018-09-27#,"木","可燃","可燃","可燃","可燃","可燃","可燃","可燃","可燃","可燃","他プラ",,"不燃","他プラ","不燃","資源","リプラ","リプラ","リプラ","リプラ","リプラ"
#2018-09-28#,"金","資源",,"他プラ",,"不燃","資源","リプラ","リプラ","リプラ","可燃","可燃","可燃","可燃","可燃","可燃","可燃","可燃","可燃","可燃","可燃"
#2018-09-29#,"土",,,,,,,,,,,,,,,,,,,,
#2018-09-30#,"日",,,,,,,,,,,,,,,,,,,,
#2018-10-01#,"月","可燃","可燃","可燃","可燃","可燃","可燃","可燃","可燃","可燃","リプラ","資源","資源",,"他プラ","不燃","資源","資源","他プラ",,"不燃"
#2018-10-02#,"火","リプラ","資源","不燃","他プラ","他プラ","不燃",,,"資源","可燃","可燃","可燃","可燃","可燃","可燃","可燃","可燃","可燃","可燃","可燃"
#2018-10-03#,"水","不燃","リプラ","リプラ","リプラ","リプラ","リプラ","資源","他プラ","不燃","不燃","リプラ","リプラ","リプラ","リプラ","リプラ","不燃",,,"資源","他プラ"
#2018-10-04#,"木","可燃","可燃","可燃","可燃","可燃","可燃","可燃","可燃","可燃","資源","不燃",,"資源",,"他プラ","リプラ","リプラ","リプラ","リプラ","リプラ"
#2018-10-05#,"金","他プラ","不燃","資源","不燃",,"他プラ","リプラ","リプラ","リプラ","可燃","可燃","可燃","可燃","可燃","可燃","可燃","可燃","可燃","可燃","可燃"
#2018-10-06#,"土",,,,,,,,,,,,,,,,,,,,
#2018-10-07#,"日",,,,,,,,,,,,,,,,,,,,
#2018-10-08#,"月","可燃","可燃","可燃","可燃","可燃","可燃","可燃","可燃","可燃","リプラ","他プラ","他プラ","不燃","資源",,"他プラ","他プラ","資源","不燃",
#2018-10-09#,"火","リプラ","他プラ",,"資源","資源",,"不燃","不燃","他プラ","可燃","可燃","可燃","可燃","可燃","可燃","可燃","可燃","可燃","可燃","可燃"
#2018-10-10#,"水",,"リプラ","リプラ","リプラ","リプラ","リプラ","他プラ","資源",,,"リプラ","リプラ","リプラ","リプラ","リプラ",,"不燃","不燃","他プラ","資源"
#2018-10-11#,"木","可燃","可燃","可燃","可燃","可燃","可燃","可燃","可燃","可燃","他プラ",,"不燃","他プラ","不燃","資源","リプラ","リプラ","リプラ","リプラ","リプラ"
#2018-10-12#,"金","資源",,"他プラ",,"不燃","資源","リプラ","リプラ","リプラ","可燃","可燃","可燃","可燃","可燃","可燃","可燃","可燃","可燃","可燃","可燃"
#2018-10-13#,"土",,,,,,,,,,,,,,,,,,,,
#2018-10-14#,"日",,,,,,,,,,,,,,,,,,,,
#2018-10-15#,"月","可燃","可燃","可燃","可燃","可燃","可燃","可燃","可燃","可燃","リプラ","資源","資源",,"他プラ","不燃","資源","資源","他プラ",,"不燃"
#2018-10-16#,"火","リプラ","資源","不燃","他プラ","他プラ","不燃",,,"資源","可燃","可燃","可燃","可燃","可燃","可燃","可燃","可燃","可燃","可燃","可燃"
#2018-10-17#,"水","不燃","リプラ","リプラ","リプラ","リプラ","リプラ","資源","他プラ","不燃","不燃","リプラ","リプラ","リプラ","リプラ","リプラ","不燃",,,"資源","他プラ"
#2018-10-18#,"木","可燃","可燃","可燃","可燃","可燃","可燃","可燃","可燃","可燃","資源","不燃",,"資源",,"他プラ","リプラ","リプラ","リプラ","リプラ","リプラ"
#2018-10-19#,"金","他プラ","不燃","資源","不燃",,"他プラ","リプラ","リプラ","リプラ","可燃","可燃","可燃","可燃","可燃","可燃","可燃","可燃","可燃","可燃","可燃"
#2018-10-20#,"土",,,,,,,,,,,,,,,,,,,,
#2018-10-21#,"日",,,,,,,,,,,,,,,,,,,,
#2018-10-22#,"月","可燃","可燃","可燃","可燃","可燃","可燃","可燃","可燃","可燃","リプラ","他プラ","他プラ","不燃","資源",,"他プラ","他プラ","資源","不燃",
#2018-10-23#,"火","リプラ","他プラ",,"資源","資源",,"不燃","不燃","他プラ","可燃","可燃","可燃","可燃","可燃","可燃","可燃","可燃","可燃","可燃","可燃"
#2018-10-24#,"水",,"リプラ","リプラ","リプラ","リプラ","リプラ","他プラ","資源",,,"リプラ","リプラ","リプラ","リプラ","リプラ",,"不燃","不燃","他プラ","資源"
#2018-10-25#,"木","可燃","可燃","可燃","可燃","可燃","可燃","可燃","可燃","可燃","他プラ",,"不燃","他プラ","不燃","資源","リプラ","リプラ","リプラ","リプラ","リプラ"
#2018-10-26#,"金","資源",,"他プラ",,"不燃","資源","リプラ","リプラ","リプラ","可燃","可燃","可燃","可燃","可燃","可燃","可燃","可燃","可燃","可燃","可燃"
#2018-10-27#,"土",,,,,,,,,,,,,,,,,,,,
#2018-10-28#,"日",,,,,,,,,,,,,,,,,,,,
#2018-10-29#,"月","可燃","可燃","可燃","可燃","可燃","可燃","可燃","可燃","可燃","リプラ",,,,,,,,,,
#2018-10-30#,"火","リプラ",,,,,,,,,"可燃","可燃","可燃","可燃","可燃","可燃","可燃","可燃","可燃","可燃","可燃"
#2018-10-31#,"水",,"リプラ","リプラ","リプラ","リプラ","リプラ",,,,,"リプラ","リプラ","リプラ","リプラ","リプラ",,,,,
#2018-11-01#,"木","可燃","可燃","可燃","可燃","可燃","可燃","可燃","可燃","可燃","資源","不燃",,"資源",,"他プラ","リプラ","リプラ","リプラ","リプラ","リプラ"
#2018-11-02#,"金","他プラ","不燃","資源","不燃",,"他プラ","リプラ","リプラ","リプラ","可燃","可燃","可燃","可燃","可燃","可燃","可燃","可燃","可燃","可燃","可燃"
#2018-11-03#,"土",,,,,,,,,,,,,,,,,,,,
#2018-11-04#,"日",,,,,,,,,,,,,,,,,,,,
#2018-11-05#,"月","可燃","可燃","可燃","可燃","可燃","可燃","可燃","可燃","可燃","リプラ","資源","資源",,"他プラ","不燃","資源","資源","他プラ",,"不燃"
#2018-11-06#,"火","リプラ","資源","不燃","他プラ","他プラ","不燃",,,"資源","可燃","可燃","可燃","可燃","可燃","可燃","可燃","可燃","可燃","可燃","可燃"
#2018-11-07#,"水","不燃","リプラ","リプラ","リプラ","リプラ","リプラ","資源","他プラ","不燃","不燃","リプラ","リプラ","リプラ","リプラ","リプラ","不燃",,,"資源","他プラ"
#2018-11-08#,"木","可燃","可燃","可燃","可燃","可燃","可燃","可燃","可燃","可燃","他プラ",,"不燃","他プラ","不燃","資源","リプラ","リプラ","リプラ","リプラ","リプラ"
#2018-11-09#,"金","資源",,"他プラ",,"不燃","資源","リプラ","リプラ","リプラ","可燃","可燃","可燃","可燃","可燃","可燃","可燃","可燃","可燃","可燃","可燃"
#2018-11-10#,"土",,,,,,,,,,,,,,,,,,,,
#2018-11-11#,"日",,,,,,,,,,,,,,,,,,,,
#2018-11-12#,"月","可燃","可燃","可燃","可燃","可燃","可燃","可燃","可燃","可燃","リプラ","他プラ","他プラ","不燃","資源",,"他プラ","他プラ","資源","不燃",
#2018-11-13#,"火","リプラ","他プラ",,"資源","資源",,"不燃","不燃","他プラ","可燃","可燃","可燃","可燃","可燃","可燃","可燃","可燃","可燃","可燃","可燃"
#2018-11-14#,"水",,"リプラ","リプラ","リプラ","リプラ","リプラ","他プラ","資源",,,"リプラ","リプラ","リプラ","リプラ","リプラ",,"不燃","不燃","他プラ","資源"
#2018-11-15#,"木","可燃","可燃","可燃","可燃","可燃","可燃","可燃","可燃","可燃","資源","不燃",,"資源",,"他プラ","リプラ","リプラ","リプラ","リプラ","リプラ"
#2018-11-16#,"金","他プラ","不燃","資源","不燃",,"他プラ","リプラ","リプラ","リプラ","可燃","可燃","可燃","可燃","可燃","可燃","可燃","可燃","可燃","可燃","可燃"
#2018-11-17#,"土",,,,,,,,,,,,,,,,,,,,
#2018-11-18#,"日",,,,,,,,,,,,,,,,,,,,
#2018-11-19#,"月","可燃","可燃","可燃","可燃","可燃","可燃","可燃","可燃","可燃","リプラ","資源","資源",,"他プラ","不燃","資源","資源","他プラ",,"不燃"
#2018-11-20#,"火","リプラ","資源","不燃","他プラ","他プラ","不燃",,,"資源","可燃","可燃","可燃","可燃","可燃","可燃","可燃","可燃","可燃","可燃","可燃"
#2018-11-21#,"水","不燃","リプラ","リプラ","リプラ","リプラ","リプラ","資源","他プラ","不燃","不燃","リプラ","リプラ","リプラ","リプラ","リプラ","不燃",,,"資源","他プラ"
#2018-11-22#,"木","可燃","可燃","可燃","可燃","可燃","可燃","可燃","可燃","可燃","他プラ",,"不燃","他プラ","不燃","資源","リプラ","リプラ","リプラ","リプラ","リプラ"
#2018-11-23#,"金","資源",,"他プラ",,"不燃","資源",,,,,,,,,,,,,,
#2018-11-24#,"土",,,,,,,,,,,,,,,,,,,,
#2018-11-25#,"日",,,,,,,,,,,,,,,,,,,,
#2018-11-26#,"月","可燃","可燃","可燃","可燃","可燃","可燃","可燃","可燃","可燃","リプラ","他プラ","他プラ","不燃","資源",,"他プラ","他プラ","資源","不燃",
#2018-11-27#,"火","リプラ","他プラ",,"資源","資源",,"不燃","不燃","他プラ","可燃","可燃","可燃","可燃","可燃","可燃","可燃","可燃","可燃","可燃","可燃"
#2018-11-28#,"水",,"リプラ","リプラ","リプラ","リプラ","リプラ","他プラ","資源",,,"リプラ","リプラ","リプラ","リプラ","リプラ",,"不燃","不燃","他プラ","資源"
#2018-11-29#,"木","可燃","可燃","可燃","可燃","可燃","可燃","可燃","可燃","可燃",,,,,,,"リプラ","リプラ","リプラ","リプラ","リプラ"
#2018-11-30#,"金",,,,,,,"リプラ","リプラ","リプラ","可燃","可燃","可燃","可燃","可燃","可燃","可燃","可燃","可燃","可燃","可燃"
#2018-12-01#,"土",,,,,,,,,,,,,,,,,,,,
#2018-12-02#,"日",,,,,,,,,,,,,,,,,,,,
#2018-12-03#,"月","可燃","可燃","可燃","可燃","可燃","可燃","可燃","可燃","可燃","リプラ","資源","資源",,"他プラ","不燃","資源","資源","他プラ",,"不燃"
#2018-12-04#,"火","リプラ","資源","不燃","他プラ","他プラ","不燃",,,"資源","可燃","可燃","可燃","可燃","可燃","可燃","可燃","可燃","可燃","可燃","可燃"
#2018-12-05#,"水","不燃","リプラ","リプラ","リプラ","リプラ","リプラ","資源","他プラ","不燃","不燃","リプラ","リプラ","リプラ","リプラ","リプラ","不燃",,,"資源","他プラ"
#2018-12-06#,"木","可燃","可燃","可燃","可燃","可燃","可燃","可燃","可燃","可燃","資源","不燃",,"資源",,"他プラ","リプラ","リプラ","リプラ","リプラ","リプラ"
#2018-12-07#,"金","他プラ","不燃","資源","不燃",,"他プラ","リプラ","リプラ","リプラ","可燃","可燃","可燃","可燃","可燃","可燃","可燃","可燃","可燃","可燃","可燃"
#2018-12-08#,"土",,,,,,,,,,,,,,,,,,,,
#2018-12-09#,"日",,,,,,,,,,,,,,,,,,,,
#2018-12-10#,"月","可燃","可燃","可燃","可燃","可燃","可燃","可燃","可燃","可燃","リプラ","他プラ","他プラ","不燃","資源",,"他プラ","他プラ","資源","不燃",
#2018-12-11#,"火","リプラ","他プラ",,"資源","資源",,"不燃","不燃","他プラ","可燃","可燃","可燃","可燃","可燃","可燃","可燃","可燃","可燃","可燃","可燃"
#2018-12-12#,"水",,"リプラ","リプラ","リプラ","リプラ","リプラ","他プラ","資源",,,"リプラ","リプラ","リプラ","リプラ","リプラ",,"不燃","不燃","他プラ","資源"
#2018-12-13#,"木","可燃","可燃","可燃","可燃","可燃","可燃","可燃","可燃","可燃","他プラ",,"不燃","他プラ","不燃","資源","リプラ","リプラ","リプラ","リプラ","リプラ"
#2018-12-14#,"金","資源",,"他プラ",,"不燃","資源","リプラ","リプラ","リプラ","可燃","可燃","可燃","可燃","可燃","可燃","可燃","可燃","可燃","可燃","可燃"
#2018-12-15#,"土",,,,,,,,,,,,,,,,,,,,
#2018-12-16#,"日",,,,,,,,,,,,,,,,,,,,
#2018-12-17#,"月","可燃","可燃","可燃","可燃","可燃","可燃","可燃","可燃","可燃","リプラ","資源","資源",,"他プラ","不燃","資源","資源","他プラ",,"不燃"
#2018-12-18#,"火","リプラ","資源","不燃","他プラ","他プラ","不燃",,,"資源","可燃","可燃","可燃","可燃","可燃","可燃","可燃","可燃","可燃","可燃","可燃"
#2018-12-19#,"水","不燃","リプラ","リプラ","リプラ","リプラ","リプラ","資源","他プラ","不燃","不燃","リプラ","リプラ","リプラ","リプラ","リプラ","不燃",,,"資源","他プラ"
#2018-12-20#,"木","可燃","可燃","可燃","可燃","可燃","可燃","可燃","可燃","可燃","資源","不燃",,"資源",,"他プラ","リプラ","リプラ","リプラ","リプラ","リプラ"
#2018-12-21#,"金","他プラ","不燃","資源","不燃",,"他プラ","リプラ","リプラ","リプラ","可燃","可燃","可燃","可燃","可燃","可燃","可燃","可燃","可燃","可燃","可燃"
#2018-12-22#,"土",,,,,,,,,,,,,,,,,,,,
#2018-12-23#,"日",,,,,,,,,,,,,,,,,,,,
#2018-12-24#,"月","可燃","可燃","可燃","可燃","可燃","可燃","可燃","可燃","可燃","リプラ","他プラ","他プラ","不燃","資源",,"他プラ","他プラ","資源","不燃",
#2018-12-25#,"火","リプラ","他プラ",,"資源","資源",,"不燃","不燃","他プラ","可燃","可燃","可燃","可燃","可燃","可燃","可燃","可燃","可燃","可燃","可燃"
#2018-12-26#,"水",,"リプラ","リプラ","リプラ","リプラ","リプラ","他プラ","資源",,,"リプラ","リプラ","リプラ","リプラ","リプラ",,"不燃","不燃","他プラ","資源"
#2018-12-27#,"木","可燃","可燃","可燃","可燃","可燃","可燃","可燃","可燃","可燃","他プラ",,"不燃","他プラ","不燃","資源","リプラ","リプラ","リプラ","リプラ","リプラ"
#2018-12-28#,"金","資源",,"他プラ",,"不燃","資源","リプラ","リプラ","リプラ","可燃","可燃","可燃","可燃","可燃","可燃","可燃","可燃","可燃","可燃","可燃"
#2018-12-29#,"土",,,,,,,,,,,,,,,,,,,,
#2018-12-30#,"日","可燃","可燃","可燃","可燃","可燃","可燃","可燃","可燃","可燃","リプラ",,,,,,,,,,
#2018-12-31#,"月",,,,,,,,,,,,,,,,,,,,
#2019-01-01#,"火",,,,,,,,,,,,,,,,,,,,
#2019-01-02#,"水",,,,,,,,,,,,,,,,,,,,
#2019-01-03#,"木",,,,,,,,,,,,,,,,,,,,
#2019-01-04#,"金","他プラ","不燃","資源","他プラ","他プラ","他プラ","リプラ","リプラ","リプラ","可燃","可燃","可燃","可燃","可燃","可燃","可燃","可燃","可燃","可燃","可燃"
#2019-01-05#,"土",,,,,,,,,,,,,,,,,,,,
#2019-01-06#,"日",,,,,,,,,,,,,,,,,,,,
#2019-01-07#,"月","可燃","可燃","可燃","可燃","可燃","可燃","可燃","可燃","可燃","リプラ","資源","資源","他プラ","他プラ","他プラ","資源","資源","他プラ","他プラ","他プラ"
#2019-01-08#,"火","リプラ","資源","不燃","資源","資源","不燃","不燃","他プラ","資源","可燃","可燃","可燃","可燃","可燃","可燃","可燃","可燃","可燃","可燃","可燃"
#2019-01-09#,"水","不燃","リプラ","リプラ","リプラ","リプラ","リプラ","資源","資源","他プラ","不燃","リプラ","リプラ","リプラ","リプラ","リプラ","不燃","不燃","不燃","資源","資源"
#2019-01-10#,"木","可燃","可燃","可燃","可燃","可燃","可燃","可燃","可燃","可燃","資源","不燃","不燃","資源","不燃","資源","リプラ","リプラ","リプラ","リプラ","リプラ"
#2019-01-11#,"金","資源","他プラ","他プラ","不燃","不燃","資源","リプラ","リプラ","リプラ","可燃","可燃","可燃","可燃","可燃","可燃","可燃","可燃","可燃","可燃","可燃"
#2019-01-12#,"土",,,,,,,,,,,,,,,,,,,,
#2019-01-13#,"日",,,,,,,,,,,,,,,,,,,,
#2019-01-14#,"月","可燃","可燃","可燃","可燃","可燃","可燃","可燃","可燃","可燃","リプラ","他プラ","他プラ","不燃","資源","不燃","他プラ","他プラ","資源","不燃","不燃"
#2019-01-15#,"火","リプラ","資源","不燃","他プラ","他プラ","不燃","他プラ","不燃","資源","可燃","可燃","可燃","可燃","可燃","可燃","可燃","可燃","可燃","可燃","可燃"
#2019-01-16#,"水","不燃","リプラ","リプラ","リプラ","リプラ","リプラ","資源","他プラ","不燃","他プラ","リプラ","リプラ","リプラ","リプラ","リプラ","不燃",,,"資源","他プラ"
#2019-01-17#,"木","可燃","可燃","可燃","可燃","可燃","可燃","可燃","可燃","可燃","資源","不燃",,"資源",,"他プラ","リプラ","リプラ","リプラ","リプラ","リプラ"
#2019-01-18#,"金","他プラ","不燃","資源","不燃",,"他プラ","リプラ","リプラ","リプラ","可燃","可燃","可燃","可燃","可燃","可燃","可燃","可燃","可燃","可燃","可燃"
#2019-01-19#,"土",,,,,,,,,,,,,,,,,,,,
#2019-01-20#,"日",,,,,,,,,,,,,,,,,,,,
#2019-01-21#,"月","可燃","可燃","可燃","可燃","可燃","可燃","可燃","可燃","可燃","リプラ","資源","資源",,"他プラ","不燃","資源","資源","他プラ",,"不燃"
#2019-01-22#,"火","リプラ","他プラ",,"資源","資源",,"不燃","不燃","他プラ","可燃","可燃","可燃","可燃","可燃","可燃","可燃","可燃","可燃","可燃","可燃"
#2019-01-23#,"水",,"リプラ","リプラ","リプラ","リプラ","リプラ","他プラ","資源","不燃","不燃","リプラ","リプラ","リプラ","リプラ","リプラ",,"不燃","不燃","他プラ","資源"
#2019-01-24#,"木","可燃","可燃","可燃","可燃","可燃","可燃","可燃","可燃","可燃","他プラ",,"不燃","他プラ","不燃","資源","リプラ","リプラ","リプラ","リプラ","リプラ"
#2019-01-25#,"金","資源",,"他プラ",,"不燃","資源","リプラ","リプラ","リプラ","可燃","可燃","可燃","可燃","可燃","可燃","可燃","可燃","可燃","可燃","可燃"
#2019-01-26#,"土",,,,,,,,,,,,,,,,,,,,
#2019-01-27#,"日",,,,,,,,,,,,,,,,,,,,
#2019-01-28#,"月","可燃","可燃","可燃","可燃","可燃","可燃","可燃","可燃","可燃","リプラ","他プラ","他プラ","不燃","資源",,"他プラ","他プラ","資源","不燃",
#2019-01-29#,"火","リプラ",,,,,,,,,"可燃","可燃","可燃","可燃","可燃","可燃","可燃","可燃","可燃","可燃","可燃"
#2019-01-30#,"水",,"リプラ","リプラ","リプラ","リプラ","リプラ",,,,,"リプラ","リプラ","リプラ","リプラ","リプラ",,,,,
#2019-01-31#,"木","可燃","可燃","可燃","可燃","可燃","可燃","可燃","可燃","可燃",,,,,,,"リプラ","リプラ","リプラ","リプラ","リプラ"
#2019-02-01#,"金","他プラ","不燃","資源","不燃",,"他プラ","リプラ","リプラ","リプラ","可燃","可燃","可燃","可燃","可燃","可燃","可燃","可燃","可燃","可燃","可燃"
#2019-02-02#,"土",,,,,,,,,,,,,,,,,,,,
#2019-02-03#,"日",,,,,,,,,,,,,,,,,,,,
#2019-02-04#,"月","可燃","可燃","可燃","可燃","可燃","可燃","可燃","可燃","可燃","リプラ","資源","資源",,"他プラ","不燃","資源","資源","他プラ",,"不燃"
#2019-02-05#,"火","リプラ","資源","不燃","他プラ","他プラ","不燃",,,"資源","可燃","可燃","可燃","可燃","可燃","可燃","可燃","可燃","可燃","可燃","可燃"
#2019-02-06#,"水","不燃","リプラ","リプラ","リプラ","リプラ","リプラ","資源","他プラ","不燃","不燃","リプラ","リプラ","リプラ","リプラ","リプラ","不燃",,,"資源","他プラ"
#2019-02-07#,"木","可燃","可燃","可燃","可燃","可燃","可燃","可燃","可燃","可燃","資源","不燃",,"資源",,"他プラ","リプラ","リプラ","リプラ","リプラ","リプラ"
#2019-02-08#,"金","資源",,"他プラ",,"不燃","資源","リプラ","リプラ","リプラ","可燃","可燃","可燃","可燃","可燃","可燃","可燃","可燃","可燃","可燃","可燃"
#2019-02-09#,"土",,,,,,,,,,,,,,,,,,,,
#2019-02-10#,"日",,,,,,,,,,,,,,,,,,,,
#2019-02-11#,"月",,,,,,,,,,,"他プラ","他プラ","不燃","資源",,"他プラ","他プラ","資源","不燃",
#2019-02-12#,"火","リプラ","他プラ",,"資源","資源",,"不燃","不燃","他プラ","可燃","可燃","可燃","可燃","可燃","可燃","可燃","可燃","可燃","可燃","可燃"
#2019-02-13#,"水",,"リプラ","リプラ","リプラ","リプラ","リプラ","他プラ","資源",,,"リプラ","リプラ","リプラ","リプラ","リプラ",,"不燃","不燃","他プラ","資源"
#2019-02-14#,"木","可燃","可燃","可燃","可燃","可燃","可燃","可燃","可燃","可燃","他プラ",,"不燃","他プラ","不燃","資源","リプラ","リプラ","リプラ","リプラ","リプラ"
#2019-02-15#,"金","他プラ","不燃","資源","不燃",,"他プラ","リプラ","リプラ","リプラ","可燃","可燃","可燃","可燃","可燃","可燃","可燃","可燃","可燃","可燃","可燃"
#2019-02-16#,"土",,,,,,,,,,,,,,,,,,,,
#2019-02-17#,"日",,,,,,,,,,,,,,,,,,,,
#2019-02-18#,"月","可燃","可燃","可燃","可燃","可燃","可燃","可燃","可燃","可燃","リプラ","資源","資源",,"他プラ","不燃","資源","資源","他プラ",,"不燃"
#2019-02-19#,"火","リプラ","資源","不燃","他プラ","他プラ","不燃",,,"資源","可燃","可燃","可燃","可燃","可燃","可燃","可燃","可燃","可燃","可燃","可燃"
#2019-02-20#,"水","不燃","リプラ","リプラ","リプラ","リプラ","リプラ","資源","他プラ","不燃","不燃","リプラ","リプラ","リプラ","リプラ","リプラ","不燃",,,"資源","他プラ"
#2019-02-21#,"木","可燃","可燃","可燃","可燃","可燃","可燃","可燃","可燃","可燃","資源","不燃",,"資源",,"他プラ","リプラ","リプラ","リプラ","リプラ","リプラ"
#2019-02-22#,"金","資源",,"他プラ",,"不燃","資源","リプラ","リプラ","リプラ","可燃","可燃","可燃","可燃","可燃","可燃","可燃","可燃","可燃","可燃","可燃"
#2019-02-23#,"土",,,,,,,,,,,,,,,,,,,,
#2019-02-24#,"日",,,,,,,,,,,,,,,,,,,,
#2019-02-25#,"月","可燃","可燃","可燃","可燃","可燃","可燃","可燃","可燃","可燃","リプラ","他プラ","他プラ","不燃","資源",,"他プラ","他プラ","資源","不燃",
#2019-02-26#,"火","リプラ","他プラ",,"資源","資源",,"不燃","不燃","他プラ","可燃","可燃","可燃","可燃","可燃","可燃","可燃","可燃","可燃","可燃","可燃"
#2019-02-27#,"水",,"リプラ","リプラ","リプラ","リプラ","リプラ","他プラ","資源",,,"リプラ","リプラ","リプラ","リプラ","リプラ",,"不燃","不燃","他プラ","資源"
#2019-02-28#,"木","可燃","可燃","可燃","可燃","可燃","可燃","可燃","可燃","可燃","他プラ",,"不燃","他プラ","不燃","資源","リプラ","リプラ","リプラ","リプラ","リプラ"
#2019-03-01#,"金","他プラ","不燃","資源","不燃",,"他プラ","リプラ","リプラ","リプラ","可燃","可燃","可燃","可燃","可燃","可燃","可燃","可燃","可燃","可燃","可燃"
#2019-03-02#,"土",,,,,,,,,,,,,,,,,,,,
#2019-03-03#,"日",,,,,,,,,,,,,,,,,,,,
#2019-03-04#,"月","可燃","可燃","可燃","可燃","可燃","可燃","可燃","可燃","可燃","リプラ","資源","資源",,"他プラ","不燃","資源","資源","他プラ",,"不燃"
#2019-03-05#,"火","リプラ","資源","不燃","他プラ","他プラ","不燃",,,"資源","可燃","可燃","可燃","可燃","可燃","可燃","可燃","可燃","可燃","可燃","可燃"
#2019-03-06#,"水","不燃","リプラ","リプラ","リプラ","リプラ","リプラ","資源","他プラ","不燃","不燃","リプラ","リプラ","リプラ","リプラ","リプラ","不燃",,,"資源","他プラ"
#2019-03-07#,"木","可燃","可燃","可燃","可燃","可燃","可燃","可燃","可燃","可燃","資源","不燃",,"資源",,"他プラ","リプラ","リプラ","リプラ","リプラ","リプラ"
#2019-03-08#,"金","資源",,"他プラ",,"不燃","資源","リプラ","リプラ","リプラ","可燃","可燃","可燃","可燃","可燃","可燃","可燃","可燃","可燃","可燃","可燃"
#2019-03-09#,"土",,,,,,,,,,,,,,,,,,,,
#2019-03-10#,"日",,,,,,,,,,,,,,,,,,,,
#2019-03-11#,"月","可燃","可燃","可燃","可燃","可燃","可燃","可燃","可燃","可燃","リプラ","他プラ","他プラ","不燃","資源",,"他プラ","他プラ","資源","不燃",
#2019-03-12#,"火","リプラ","他プラ",,"資源","資源",,"不燃","不燃","他プラ","可燃","可燃","可燃","可燃","可燃","可燃","可燃","可燃","可燃","可燃","可燃"
#2019-03-13#,"水",,"リプラ","リプラ","リプラ","リプラ","リプラ","他プラ","資源",,,"リプラ","リプラ","リプラ","リプラ","リプラ",,"不燃","不燃","他プラ","資源"
#2019-03-14#,"木","可燃","可燃","可燃","可燃","可燃","可燃","可燃","可燃","可燃","他プラ",,"不燃","他プラ","不燃","資源","リプラ","リプラ","リプラ","リプラ","リプラ"
#2019-03-15#,"金","他プラ","不燃","資源","不燃",,"他プラ","リプラ","リプラ","リプラ","可燃","可燃","可燃","可燃","可燃","可燃","可燃","可燃","可燃","可燃","可燃"
#2019-03-16#,"土",,,,,,,,,,,,,,,,,,,,
#2019-03-17#,"日",,,,,,,,,,,,,,,,,,,,
#2019-03-18#,"月","可燃","可燃","可燃","可燃","可燃","可燃","可燃","可燃","可燃","リプラ","資源","資源",,"他プラ","不燃","資源","資源","他プラ",,"不燃"
#2019-03-19#,"火","リプラ","資源","不燃","他プラ","他プラ","不燃",,,"資源","可燃","可燃","可燃","可燃","可燃","可燃","可燃","可燃","可燃","可燃","可燃"
#2019-03-20#,"水","不燃","リプラ","リプラ","リプラ","リプラ","リプラ","資源","他プラ","不燃","不燃","リプラ","リプラ","リプラ","リプラ","リプラ","不燃",,,"資源","他プラ"
#2019-03-21#,"木",,,,,,,,,,"資源","不燃",,"資源",,"他プラ",,,,,
#2019-03-22#,"金","資源",,"他プラ",,"不燃","資源","リプラ","リプラ","リプラ","可燃","可燃","可燃","可燃","可燃","可燃","可燃","可燃","可燃","可燃","可燃"
#2019-03-23#,"土",,,,,,,,,,,,,,,,,,,,
#2019-03-24#,"日",,,,,,,,,,,,,,,,,,,,
#2019-03-25#,"月","可燃","可燃","可燃","可燃","可燃","可燃","可燃","可燃","可燃","リプラ","他プラ","他プラ","不燃","資源",,"他プラ","他プラ","資源","不燃",
#2019-03-26#,"火","リプラ","他プラ",,"資源","資源",,"不燃","不燃","他プラ","可燃","可燃","可燃","可燃","可燃","可燃","可燃","可燃","可燃","可燃","可燃"
#2019-03-27#,"水",,"リプラ","リプラ","リプラ","リプラ","リプラ","他プラ","資源",,,"リプラ","リプラ","リプラ","リプラ","リプラ",,"不燃","不燃","他プラ","資源"
#2019-03-28#,"木","可燃","可燃","可燃","可燃","可燃","可燃","可燃","可燃","可燃","他プラ",,"不燃","他プラ","不燃","資源","リプラ","リプラ","リプラ","リプラ","リプラ"
#2019-03-29#,"金",,,,,,,"リプラ","リプラ","リプラ","可燃","可燃","可燃","可燃","可燃","可燃","可燃","可燃","可燃","可燃","可燃"
#2019-03-30#,"土",,,,,,,,,,,,,,,,,,,,
#2019-03-31#,"日",,,,,,,,,,,,,,,,,,,,
