N깵,듥,1,2,3,4,5,6,7,8,9,10,11,12
2016/4/1,,,,,,,놴^,,,,,,
2016/4/2,늧,,,,,,,,,,,,
2016/4/3,,,,,,,,,,,,,
2016/4/4,깵,,,,,,,,,놴^,,,
2016/4/5,괉,,,,,놴^,,,,,,,
2016/4/6,낸,,,놴^,,,,,놴^,,,,
2016/4/7,뒞,,놴^,,,,,,,,,,
2016/4/8,,,,,,,,,,,,,놴^
2016/4/9,늧,,,,,,,,,,,,
2016/4/10,,,,,,,,,,,,,
2016/4/11,깵,,,,놴^,,,,,,,,
2016/4/12,괉,,,,,,,놴^,,,,,
2016/4/13,낸,,,,,,,,,,놴^,놴^,
2016/4/14,뒞,놴^,,,,,,,,,,,
2016/4/15,,,,,,,놴^,,,,,,
2016/4/16,늧,,,,,,,,,,,,
2016/4/17,,,,,,,,,,,,,
2016/4/18,깵,,,,,,,,,놴^,,,
2016/4/19,괉,,,,,놴^,,,,,,,
2016/4/20,낸,,,놴^,,,,,놴^,,,,
2016/4/21,뒞,,놴^,,,,,,,,,,
2016/4/22,,,,,,,,,,,,,놴^
2016/4/23,늧,,,,,,,,,,,,
2016/4/24,,,,,,,,,,,,,
2016/4/25,깵,,,,놴^,,,,,,,,
2016/4/26,괉,,,,,,,놴^,,,,,
2016/4/27,낸,,,,,,,,,,놴^,놴^,
2016/4/28,뒞,놴^,,,,,,,,,,,
2016/4/29,,,,,,,,,,,,,
2016/4/30,늧,,,,,,,,,,,,
2016/5/1,,,,,,,,,,,,,
2016/5/2,깵,,,,,,,,,,,,
2016/5/3,괉,,,,,,,,,,,,
2016/5/4,낸,,,,,,,,,,,,
2016/5/5,뒞,,,,,,,,,,,,
2016/5/6,,,,,,,,,,,,,
2016/5/7,늧,,,,,,,,,,,,
2016/5/8,,,,,,,,,,,,,
2016/5/9,깵,,놴^,,놴^,,,,,놴^,,,
2016/5/10,괉,,,,,놴^,,놴^,,,,,
2016/5/11,낸,,,놴^,,,,,놴^,,놴^,놴^,
2016/5/12,뒞,놴^,,,,,,,,,,,
2016/5/13,,,,,,,놴^,,,,,,놴^
2016/5/14,늧,,,,,,,,,,,,
2016/5/15,,,,,,,,,,,,,
2016/5/16,깵,,,,,,,,,놴^,,,
2016/5/17,괉,,,,,놴^,,,,,,,
2016/5/18,낸,,,놴^,,,,,놴^,,,,
2016/5/19,뒞,,놴^,,,,,,,,,,
2016/5/20,,,,,,,놴^,,,,,,
2016/5/21,늧,,,,,,,,,,,,
2016/5/22,,,,,,,,,,,,,
2016/5/23,깵,,,,놴^,,,,,,,,
2016/5/24,괉,,,,,,,놴^,,,,,
2016/5/25,낸,,,,,,,,,,놴^,놴^,
2016/5/26,뒞,놴^,,,,,,,,,,,
2016/5/27,,,,,,,,,,,,,놴^
2016/5/28,늧,,,,,,,,,,,,
2016/5/29,,,,,,,,,,,,,
2016/5/30,깵,,,,,,,,,,,,
2016/5/31,괉,,,,,,,,,,,,
2016/6/1,낸,,,놴^,,,,,놴^,,,,
2016/6/2,뒞,,놴^,,,,,,,,,,
2016/6/3,,,,,,,놴^,,,,,,
2016/6/4,늧,,,,,,,,,,,,
2016/6/5,,,,,,,,,,,,,
2016/6/6,깵,,,,,,,,,놴^,,,
2016/6/7,괉,,,,,놴^,,,,,,,
2016/6/8,낸,,,,,,,,,,놴^,놴^,
2016/6/9,뒞,놴^,,,,,,,,,,,
2016/6/10,,,,,,,,,,,,,놴^
2016/6/11,늧,,,,,,,,,,,,
2016/6/12,,,,,,,,,,,,,
2016/6/13,깵,,,,놴^,,,,,,,,
2016/6/14,괉,,,,,,,놴^,,,,,
2016/6/15,낸,,,놴^,,,,,놴^,,,,
2016/6/16,뒞,,놴^,,,,,,,,,,
2016/6/17,,,,,,,놴^,,,,,,
2016/6/18,늧,,,,,,,,,,,,
2016/6/19,,,,,,,,,,,,,
2016/6/20,깵,,,,,,,,,놴^,,,
2016/6/21,괉,,,,,놴^,,,,,,,
2016/6/22,낸,,,,,,,,,,놴^,놴^,
2016/6/23,뒞,놴^,,,,,,,,,,,
2016/6/24,,,,,,,,,,,,,놴^
2016/6/25,늧,,,,,,,,,,,,
2016/6/26,,,,,,,,,,,,,
2016/6/27,깵,,,,놴^,,,,,,,,
2016/6/28,괉,,,,,,,놴^,,,,,
2016/6/29,낸,,,,,,,,,,,,
2016/6/30,뒞,,,,,,,,,,,,
2016/7/1,,,,,,,놴^,,,,,,
2016/7/2,늧,,,,,,,,,,,,
2016/7/3,,,,,,,,,,,,,
2016/7/4,깵,,,,,,,,,놴^,,,
2016/7/5,괉,,,,,놴^,,,,,,,
2016/7/6,낸,,,놴^,,,,,놴^,,,,
2016/7/7,뒞,,놴^,,,,,,,,,,
2016/7/8,,,,,,,,,,,,,놴^
2016/7/9,늧,,,,,,,,,,,,
2016/7/10,,,,,,,,,,,,,
2016/7/11,깵,,,,놴^,,,,,,,,
2016/7/12,괉,,,,,,,놴^,,,,,
2016/7/13,낸,,,,,,,,,놴^,놴^,놴^,
2016/7/14,뒞,놴^,,,,,,,,,,,
2016/7/15,,,,,,,놴^,,,,,,
2016/7/16,늧,,,,,,,,,,,,
2016/7/17,,,,,,,,,,,,,
2016/7/18,깵,,,,,,,,,,,,
2016/7/19,괉,,,,,놴^,,,,,,,
2016/7/20,낸,,,놴^,,,,,놴^,,,,
2016/7/21,뒞,,놴^,,,,,,,,,,
2016/7/22,,,,,,,,,,,,,놴^
2016/7/23,늧,,,,,,,,,,,,
2016/7/24,,,,,,,,,,,,,
2016/7/25,깵,,,,놴^,,,,,,,,
2016/7/26,괉,,,,,,,놴^,,,,,
2016/7/27,낸,,,,,,,,,,놴^,놴^,
2016/7/28,뒞,놴^,,,,,,,,,,,
2016/7/29,,,,,,,,,,,,,
2016/7/30,늧,,,,,,,,,,,,
2016/7/31,,,,,,,,,,,,,
2016/8/1,깵,,,,,,,,,놴^,,,
2016/8/2,괉,,,,,놴^,,,,,,,
2016/8/3,낸,,,놴^,,,,,놴^,,,,놴^
2016/8/4,뒞,,놴^,,,,,,,,,,
2016/8/5,,,,,,,놴^,,,,,,
2016/8/6,늧,,,,,,,,,,,,
2016/8/7,,,,,,,,,,,,,
2016/8/8,깵,놴^,,,놴^,,,,,,,,
2016/8/9,괉,,,,,,,놴^,,,,,
2016/8/10,낸,,,,,,,,,,놴^,놴^,
2016/8/11,뒞,,,,,,,,,,,,
2016/8/12,,,,,,,,,,,,,
2016/8/13,늧,,,,,,,,,,,,
2016/8/14,,,,,,,,,,,,,
2016/8/15,깵,,,,,,,,,,,,
2016/8/16,괉,,,,,,,,,,,,
2016/8/17,낸,,,놴^,,,,,놴^,,,,
2016/8/18,뒞,,놴^,,,,,,,,,,
2016/8/19,,,,,,놴^,놴^,,,,,,
2016/8/20,늧,,,,,,,,,,,,
2016/8/21,,,,,,,,,,,,,
2016/8/22,깵,,,,놴^,,,,,,,,
2016/8/23,괉,,,,,,,놴^,,,,,
2016/8/24,낸,,,,,,,,,놴^,놴^,놴^,
2016/8/25,뒞,놴^,,,,,,,,,,,
2016/8/26,,,,,,,,,,,,,놴^
2016/8/27,늧,,,,,,,,,,,,
2016/8/28,,,,,,,,,,,,,
2016/8/29,깵,,,,,,,,,,,,
2016/8/30,괉,,,,,,,,,,,,
2016/8/31,낸,,,,,,,,,,,,
2016/9/1,뒞,,놴^,,,,,,,,,,
2016/9/2,,,,,,,놴^,,,,,,
2016/9/3,늧,,,,,,,,,,,,
2016/9/4,,,,,,,,,,,,,
2016/9/5,깵,,,,,,,,,놴^,,,
2016/9/6,괉,,,,,놴^,,,,,,,
2016/9/7,낸,,,놴^,,,,,놴^,,,,
2016/9/8,뒞,놴^,,,,,,,,,,,
2016/9/9,,,,,,,,,,,,,놴^
2016/9/10,늧,,,,,,,,,,,,
2016/9/11,,,,,,,,,,,,,
2016/9/12,깵,,,,놴^,,,,,,,,
2016/9/13,괉,,,,,,,놴^,,,,,
2016/9/14,낸,,,,,,,,,놴^,놴^,놴^,
2016/9/15,뒞,,놴^,,,,,,,,,,
2016/9/16,,,,,,,놴^,,,,,,
2016/9/17,늧,,,,,,,,,,,,
2016/9/18,,,,,,,,,,,,,
2016/9/19,깵,,,,,,,,,,,,
2016/9/20,괉,,,,,놴^,,,,,,,
2016/9/21,낸,,,놴^,,,,,놴^,,,,
2016/9/22,뒞,,,,,,,,,,,,
2016/9/23,,,,,,,,,,,,,놴^
2016/9/24,늧,,,,,,,,,,,,
2016/9/25,,,,,,,,,,,,,
2016/9/26,깵,놴^,,,놴^,,,,,,,,
2016/9/27,괉,,,,,,,놴^,,,,,
2016/9/28,낸,,,,,,,,,,놴^,놴^,
2016/9/29,뒞,,,,,,,,,,,,
2016/9/30,,,,,,,,,,,,,
2016/10/1,늧,,,,,,,,,,,,
2016/10/2,,,,,,,,,,,,,
2016/10/3,깵,,,,,,,,,놴^,,,
2016/10/4,괉,,,,,놴^,,,,,,,
2016/10/5,낸,,,놴^,,,,,놴^,,,,
2016/10/6,뒞,,놴^,,,,,,,,,,
2016/10/7,,,,,,,놴^,,,,,,
2016/10/8,늧,,,,,,,,,,,,
2016/10/9,,,,,,,,,,,,,
2016/10/10,깵,,,,,,,,,,,,
2016/10/11,괉,,,,,,,놴^,,,,,
2016/10/12,낸,,,,,,,,,,놴^,놴^,
2016/10/13,뒞,놴^,,,놴^,,,,,,,,
2016/10/14,,,,,,,,,,,,,놴^
2016/10/15,늧,,,,,,,,,,,,
2016/10/16,,,,,,,,,,,,,
2016/10/17,깵,,,,,,,,,놴^,,,
2016/10/18,괉,,,,,놴^,,,,,,,
2016/10/19,낸,,,놴^,,,,,놴^,,,,
2016/10/20,뒞,,놴^,,,,,,,,,,
2016/10/21,,,,,,,놴^,,,,,,
2016/10/22,늧,,,,,,,,,,,,
2016/10/23,,,,,,,,,,,,,
2016/10/24,깵,,,,놴^,,,,,,,,
2016/10/25,괉,,,,,,,놴^,,,,,
2016/10/26,낸,,,,,,,,,,놴^,놴^,
2016/10/27,뒞,놴^,,,,,,,,,,,
2016/10/28,,,,,,,,,,,,,놴^
2016/10/29,늧,,,,,,,,,,,,
2016/10/30,,,,,,,,,,,,,
2016/10/31,깵,,,,,,,,,,,,
2016/11/1,괉,,,,,놴^,,,,,,,
2016/11/2,낸,,,놴^,,,,,놴^,,,,
2016/11/3,뒞,,,,,,,,,,,,
2016/11/4,,,,,,,놴^,,,,,,
2016/11/5,늧,,,,,,,,,,,,
2016/11/6,,,,,,,,,,,,,
2016/11/7,깵,,,,,,,,,놴^,,,
2016/11/8,괉,,,,,,,놴^,,,,,
2016/11/9,낸,,,,,,,,,,놴^,놴^,
2016/11/10,뒞,놴^,놴^,,,,,,,,,,
2016/11/11,,,,,,,,,,,,,놴^
2016/11/12,늧,,,,,,,,,,,,
2016/11/13,,,,,,,,,,,,,
2016/11/14,깵,,,,놴^,,,,,,,,
2016/11/15,괉,,,,,놴^,,,,,,,
2016/11/16,낸,,,놴^,,,,,놴^,,,,
2016/11/17,뒞,,놴^,,,,,,,,,놴^,
2016/11/18,,,,,,,놴^,,,,,,
2016/11/19,늧,,,,,,,,,,,,
2016/11/20,,,,,,,,,,,,,
2016/11/21,깵,,,,,,,,,놴^,,,
2016/11/22,괉,,,,,,,놴^,,,놴^,,
2016/11/23,낸,,,,,,,,,,,,
2016/11/24,뒞,놴^,,,,,,,,,,,
2016/11/25,,,,,,,,,,,,,놴^
2016/11/26,늧,,,,,,,,,,,,
2016/11/27,,,,,,,,,,,,,
2016/11/28,깵,,,,놴^,,,,,,,,
2016/11/29,괉,,,,,,,,,,,,
2016/11/30,낸,,,,,,,,,,,,
2016/12/1,뒞,,놴^,,,,,,,,,,
2016/12/2,,,,,,,놴^,,,,,,
2016/12/3,늧,,,,,,,,,,,,
2016/12/4,,,,,,,,,,,,,
2016/12/5,깵,,,,,,,,,놴^,,,
2016/12/6,괉,,,,,놴^,,,,,,,
2016/12/7,낸,,,놴^,,,,,놴^,,,,
2016/12/8,뒞,놴^,,,,,,,,,,,
2016/12/9,,,,,,,,,,,,,놴^
2016/12/10,늧,,,,,,,,,,,,
2016/12/11,,,,,,,,,,,,,
2016/12/12,깵,,,,놴^,,,,,,,,
2016/12/13,괉,,,,,,,놴^,,,,,
2016/12/14,낸,,,,,,,,,,놴^,놴^,
2016/12/15,뒞,,놴^,,,,,,,,,,
2016/12/16,,,,,,,놴^,,,,,,
2016/12/17,늧,,,,,,,,,,,,
2016/12/18,,,,,,,,,,,,,
2016/12/19,깵,,,,,,,,,놴^,,,
2016/12/20,괉,,,,,놴^,,놴^,,,,,
2016/12/21,낸,,,놴^,,,,,놴^,,놴^,놴^,놴^
2016/12/22,뒞,놴^,,,놴^,,,,,,,,
2016/12/23,,,,,,,,,,,,,
2016/12/24,늧,,,,,,,,,,,,
2016/12/25,,,,,,,,,,,,,
2016/12/26,깵,,,,,,,,,,,,
2016/12/27,괉,,,,,,,,,,,,
2016/12/28,낸,,,,,,,,,,,,
2016/12/29,뒞,,,,,,,,,,,,
2016/12/30,,,,,,,,,,,,,
2016/12/31,늧,,,,,,,,,,,,
2017/1/1,,,,,,,,,,,,,
2017/1/2,깵,,,,,,,,,,,,
2017/1/3,괉,,,,,,,,,,,,
2017/1/4,낸,,,놴^,,,,,놴^,,,,
2017/1/5,뒞,,놴^,,,,,,,,,,
2017/1/6,,,,,,놴^,놴^,,,,,,
2017/1/7,늧,,,,,,,,,,,,
2017/1/8,,,,,,,,,,,,,
2017/1/9,깵,,,,,,,,,,,,
2017/1/10,괉,,,,,,,놴^,,,,,
2017/1/11,낸,,,,,,,,,놴^,놴^,놴^,
2017/1/12,뒞,놴^,,,놴^,,,,,,,,
2017/1/13,,,,,,,,,,,,,놴^
2017/1/14,늧,,,,,,,,,,,,
2017/1/15,,,,,,,,,,,,,
2017/1/16,깵,,,,,,,,,,,,
2017/1/17,괉,,,,,놴^,,,,,,,
2017/1/18,낸,,,놴^,,,,,놴^,,,,
2017/1/19,뒞,,놴^,,,,,,,,,,
2017/1/20,,,,,,,놴^,,,,,,
2017/1/21,늧,,,,,,,,,,,,
2017/1/22,,,,,,,,,,,,,
2017/1/23,깵,,,,놴^,,,,,,,,
2017/1/24,괉,,,,,,,놴^,,,,,
2017/1/25,낸,,,,,,,,,놴^,놴^,놴^,
2017/1/26,뒞,놴^,,,,,,,,,,,
2017/1/27,,,,,,,,,,,,,놴^
2017/1/28,늧,,,,,,,,,,,,
2017/1/29,,,,,,,,,,,,,
2017/1/30,깵,,,,,,,,,,,,
2017/1/31,괉,,,,,,,,,,,,
2017/2/1,낸,,,놴^,,,,,놴^,,,,
2017/2/2,뒞,,놴^,,,,,,,,,,
2017/2/3,,,,,,,놴^,,,,,,
2017/2/4,늧,,,,,,,,,,,,
2017/2/5,,,,,,,,,,,,,
2017/2/6,깵,,,,,,,,,놴^,,,
2017/2/7,괉,,,,,놴^,,,,,,,
2017/2/8,낸,,,,,,,,,,놴^,놴^,
2017/2/9,뒞,놴^,,,,,,,,,,,
2017/2/10,,,,,,,,,,,,,놴^
2017/2/11,늧,,,,,,,,,,,,
2017/2/12,,,,,,,,,,,,,
2017/2/13,깵,,,,놴^,,,,,,,,
2017/2/14,괉,,,,,,,놴^,,,,,
2017/2/15,낸,,,놴^,,,,,놴^,,,,
2017/2/16,뒞,,놴^,,,,,,,,,,
2017/2/17,,,,,,,놴^,,,,,,
2017/2/18,늧,,,,,,,,,,,,
2017/2/19,,,,,,,,,,,,,
2017/2/20,깵,,,,,,,,,놴^,,,
2017/2/21,괉,,,,,놴^,,,,,,,
2017/2/22,낸,,,,,,,,,,놴^,놴^,
2017/2/23,뒞,놴^,,,,,,,,,,,
2017/2/24,,,,,,,,,,,,,놴^
2017/2/25,늧,,,,,,,,,,,,
2017/2/26,,,,,,,,,,,,,
2017/2/27,깵,,,,놴^,,,,,,,,
2017/2/28,괉,,,,,,,놴^,,,,,
2017/3/1,낸,,,놴^,,,,,놴^,,,,
2017/3/2,뒞,,놴^,,,,,,,,,,
2017/3/3,,,,,,,놴^,,,,,,
2017/3/4,늧,,,,,,,,,,,,
2017/3/5,,,,,,,,,,,,,
2017/3/6,깵,,,,,,,,,놴^,,,
2017/3/7,괉,,,,,놴^,,,,,,,
2017/3/8,낸,,,,,,,,,,놴^,놴^,
2017/3/9,뒞,놴^,,,,,,,,,,,
2017/3/10,,,,,,,,,,,,,놴^
2017/3/11,늧,,,,,,,,,,,,
2017/3/12,,,,,,,,,,,,,
2017/3/13,깵,,,,놴^,,,,,,,,
2017/3/14,괉,,,,,,,놴^,,,,,
2017/3/15,낸,,,놴^,,,,,놴^,,,,
2017/3/16,뒞,,놴^,,,,,,,,,,
2017/3/17,,,,,,,놴^,,,,,,
2017/3/18,늧,,,,,,,,,,,,
2017/3/19,,,,,,,,,,,,,
2017/3/20,깵,,,,,,,,,,,,
2017/3/21,괉,,,,,놴^,,,,,,,
2017/3/22,낸,,,,,,,,,놴^,놴^,놴^,
2017/3/23,뒞,놴^,,,,,,,,,,,
2017/3/24,,,,,,,,,,,,,놴^
2017/3/25,늧,,,,,,,,,,,,
2017/3/26,,,,,,,,,,,,,
2017/3/27,깵,,,,놴^,,,,,,,,
2017/3/28,괉,,,,,,,놴^,,,,,
2017/3/29,낸,,,,,,,,,,,,
2017/3/30,뒞,,,,,,,,,,,,
2017/3/31,,,,,,,,,,,,,
