"N깵","듥","1","2","3","4","5","6","7","8","9","10","11","12","13","14","15","16","17","18","19","20","21","22","23"
#2017-04-01#,"늧",,,,,,,,,,,,,,,,,,,,,,,
#2017-04-02#,"",,,,,,,,,,,,,,,,,,,,,,,
#2017-04-03#,"깵",,,,,"놴^",,,,,,,,,,,,,,,,"놴^",,
#2017-04-04#,"괉","놴^",,"놴^",,,,,,,,,,,,,,"놴^",,,"놴^",,,
#2017-04-05#,"낸",,"놴^",,,,,,,,,,,,"놴^","놴^","놴^",,,"놴^",,,,"놴^"
#2017-04-06#,"뒞",,,,,,,"놴^",,,,,,,,,,,,,,,"놴^",
#2017-04-07#,"",,,,,,,,,,,"놴^",,,,,,,"놴^",,,,,
#2017-04-08#,"늧",,,,,,,,,,,,,,,,,,,,,,,
#2017-04-09#,"",,,,,,,,,,,,,,,,,,,,,,,
#2017-04-10#,"깵",,,,"놴^",,,,,,,,,,,,,,,,,,,
#2017-04-11#,"괉",,,,,,,,,,,,"놴^","놴^",,,,,,,,,,
#2017-04-12#,"낸",,,,,,,,"놴^","놴^",,,,,,,,,,,,,,
#2017-04-13#,"뒞",,,,,,"놴^",,,,,,,,,,,,,,,,,
#2017-04-14#,"",,,,,,,,,,"놴^",,,,,,,,,,,,,
#2017-04-15#,"늧",,,,,,,,,,,,,,,,,,,,,,,
#2017-04-16#,"",,,,,,,,,,,,,,,,,,,,,,,
#2017-04-17#,"깵",,,,,"놴^",,,,,,,,,,,,,,,,"놴^",,
#2017-04-18#,"괉","놴^",,"놴^",,,,,,,,,,,,,,"놴^",,,"놴^",,,
#2017-04-19#,"낸",,"놴^",,,,,,,,,,,,"놴^","놴^","놴^",,,"놴^",,,,"놴^"
#2017-04-20#,"뒞",,,,,,,"놴^",,,,,,,,,,,,,,,"놴^",
#2017-04-21#,"",,,,,,,,,,,"놴^",,,,,,,"놴^",,,,,
#2017-04-22#,"늧",,,,,,,,,,,,,,,,,,,,,,,
#2017-04-23#,"",,,,,,,,,,,,,,,,,,,,,,,
#2017-04-24#,"깵",,,,"놴^",,,,,,,,,,,,,,,,,,,
#2017-04-25#,"괉",,,,,,,,,,,,"놴^","놴^",,,,,,,,,,
#2017-04-26#,"낸",,,,,,,,"놴^","놴^",,,,,,,,,,,,,,
#2017-04-27#,"뒞",,,,,,"놴^",,,,,,,,,,,,,,,,,
#2017-04-28#,"",,,,,,,,,,"놴^",,,,,,,,,,,,,
#2017-04-29#,"늧",,,,,,,,,,,,,,,,,,,,,,,
#2017-04-30#,"",,,,,,,,,,,,,,,,,,,,,,,
#2017-05-01#,"깵",,,,,,,,,,,,,,,,,,,,,,,
#2017-05-02#,"괉",,,,,,,,,,,,,,,,,,,,,,,
#2017-05-03#,"낸",,,,,,,,,,,,,,,,,,,,,,,
#2017-05-04#,"뒞",,,,,,,,,,,,,,,,,,,,,,,
#2017-05-05#,"",,,,,,,,,,,,,,,,,,,,,,,
#2017-05-06#,"늧",,,,,,,,,,,,,,,,,,,,,,,
#2017-05-07#,"",,,,,,,,,,,,,,,,,,,,,,,
#2017-05-08#,"깵",,,,"놴^","놴^",,,,,,,,,,,,,,,,"놴^",,
#2017-05-09#,"괉",,,"놴^",,,,,,,,"놴^","놴^","놴^","놴^",,,"놴^",,,"놴^",,,
#2017-05-10#,"낸",,"놴^",,,,,,"놴^","놴^",,,,,,"놴^","놴^",,,"놴^",,,,"놴^"
#2017-05-11#,"뒞",,,,,,"놴^","놴^",,,,,,,,,,,,,,,"놴^",
#2017-05-12#,"",,,,,,,,,,"놴^",,,,,,,,"놴^",,,,,
#2017-05-13#,"늧",,,,,,,,,,,,,,,,,,,,,,,
#2017-05-14#,"",,,,,,,,,,,,,,,,,,,,,,,
#2017-05-15#,"깵",,,,,"놴^",,,,,,,,,,,,,,,,"놴^",,
#2017-05-16#,"괉","놴^",,"놴^",,,,,,,,,,,,,,"놴^",,,"놴^",,,
#2017-05-17#,"낸",,"놴^",,,,,,,,,,,,"놴^","놴^","놴^",,,"놴^",,,,"놴^"
#2017-05-18#,"뒞",,,,,,,"놴^",,,,,,,,,,,,,,,"놴^",
#2017-05-19#,"",,,,,,,,,,,"놴^",,,,,,,"놴^",,,,,
#2017-05-20#,"늧",,,,,,,,,,,,,,,,,,,,,,,
#2017-05-21#,"",,,,,,,,,,,,,,,,,,,,,,,
#2017-05-22#,"깵",,,,"놴^",,,,,,,,,,,,,,,,,,,
#2017-05-23#,"괉",,,,,,,,,,,,"놴^","놴^",,,,,,,,,,
#2017-05-24#,"낸","놴^",,,,,,,"놴^","놴^",,,,,,,,,,,,,,
#2017-05-25#,"뒞",,,,,,"놴^",,,,,,,,,,,,,,,,,
#2017-05-26#,"",,,,,,,,,,"놴^",,,,,,,,,,,,,
#2017-05-27#,"늧",,,,,,,,,,,,,,,,,,,,,,,
#2017-05-28#,"",,,,,,,,,,,,,,,,,,,,,,,
#2017-05-29#,"깵",,,,,,,,,,,,,,,,,,,,,,,
#2017-05-30#,"괉",,,,,,,,,,,,,,,,,,,,,,,
#2017-05-31#,"낸",,,,,,,,,,,,,,,,,,,,,,,
#2017-06-01#,"뒞",,,,,,,"놴^",,,,,,,,,,,,,,,"놴^",
#2017-06-02#,"",,,,,,,,,,,"놴^",,,,,,,"놴^",,,,,
#2017-06-03#,"늧",,,,,,,,,,,,,,,,,,,,,,,
#2017-06-04#,"",,,,,,,,,,,,,,,,,,,,,,,
#2017-06-05#,"깵",,,,,"놴^",,,,,,,,,,,,,,,,"놴^",,
#2017-06-06#,"괉","놴^",,"놴^",,,,,,,,,,,,,,"놴^",,,"놴^",,,
#2017-06-07#,"낸",,"놴^",,,,,,,,,,,,"놴^","놴^","놴^",,,"놴^",,,,"놴^"
#2017-06-08#,"뒞",,,,,,"놴^",,,,,,,,,,,,,,,,,
#2017-06-09#,"",,,,,,,,,,"놴^",,,,,,,,,,,,,
#2017-06-10#,"늧",,,,,,,,,,,,,,,,,,,,,,,
#2017-06-11#,"",,,,,,,,,,,,,,,,,,,,,,,
#2017-06-12#,"깵",,,,"놴^",,,,,,,,,,,,,,,,,,,
#2017-06-13#,"괉",,,,,,,,,,,,"놴^","놴^",,,,,,,,,,
#2017-06-14#,"낸",,,,,,,,"놴^","놴^",,,,,,,,,,,,,,
#2017-06-15#,"뒞",,,,,,,"놴^",,,,,,,,,,,,,,,"놴^",
#2017-06-16#,"",,,,,,,,,,,"놴^",,,,,,,"놴^",,,,,
#2017-06-17#,"늧",,,,,,,,,,,,,,,,,,,,,,,
#2017-06-18#,"",,,,,,,,,,,,,,,,,,,,,,,
#2017-06-19#,"깵",,,,,"놴^",,,,,,,,,,,,,,,,"놴^",,
#2017-06-20#,"괉","놴^",,"놴^",,,,,,,,,,,,,,"놴^",,,"놴^",,,
#2017-06-21#,"낸",,"놴^",,,,,,,,,,,,"놴^","놴^","놴^",,,"놴^",,,,"놴^"
#2017-06-22#,"뒞",,,,,,"놴^",,,,,,,,,,,,,,,,,
#2017-06-23#,"",,,,,,,,,,"놴^",,,,,,,,,,,,,
#2017-06-24#,"늧",,,,,,,,,,,,,,,,,,,,,,,
#2017-06-25#,"",,,,,,,,,,,,,,,,,,,,,,,
#2017-06-26#,"깵",,,,"놴^",,,,,,,,,,,,,,,,,,,
#2017-06-27#,"괉",,,,,,,,,,,,"놴^","놴^",,,,,,,,,,
#2017-06-28#,"낸",,,,,,,,"놴^","놴^",,,,,,,,,,,,,,
#2017-06-29#,"뒞",,,,,,,,,,,,,,,,,,,,,,,
#2017-06-30#,"",,,,,,,,,,,,,,,,,,,,,,,
#2017-07-01#,"늧",,,,,,,,,,,,,,,,,,,,,,,
#2017-07-02#,"",,,,,,,,,,,,,,,,,,,,,,,
#2017-07-03#,"깵",,,,,"놴^",,,,,,,,,,,,,,,,"놴^",,
#2017-07-04#,"괉","놴^",,"놴^",,,,,,,,,,,,,,"놴^",,,"놴^",,,
#2017-07-05#,"낸",,"놴^",,,,,,,,,,,,"놴^","놴^","놴^",,,"놴^",,,,"놴^"
#2017-07-06#,"뒞",,,,,,,"놴^",,,,,,,,,,,,,,,"놴^",
#2017-07-07#,"",,,,,,,,,,,"놴^",,,,,,,"놴^",,,,,
#2017-07-08#,"늧",,,,,,,,,,,,,,,,,,,,,,,
#2017-07-09#,"",,,,,,,,,,,,,,,,,,,,,,,
#2017-07-10#,"깵",,,,"놴^",,,,,,,,,,,,,,,,,,,
#2017-07-11#,"괉",,,,,,,,,,,,"놴^","놴^",,,,,,,,,,
#2017-07-12#,"낸",,,,,,,,"놴^","놴^",,,,,,,,,,,,,,
#2017-07-13#,"뒞",,,,,,"놴^",,,,,,,,,,,,,,,,,
#2017-07-14#,"",,,,,,,,,,"놴^",,,,,,,,,,,,,
#2017-07-15#,"늧",,,,,,,,,,,,,,,,,,,,,,,
#2017-07-16#,"",,,,,,,,,,,,,,,,,,,,,,,
#2017-07-17#,"깵",,,,,,,,,,,,,,,,,,,,,,,
#2017-07-18#,"괉","놴^",,"놴^",,,,,,,,,,,,,,"놴^",,,"놴^",,,
#2017-07-19#,"낸",,"놴^",,,,,,,,,,,,"놴^","놴^","놴^",,,"놴^",,,,"놴^"
#2017-07-20#,"뒞",,,,,"놴^",,"놴^",,,,,,,,,,,,,,"놴^","놴^",
#2017-07-21#,"",,,,,,,,,,,"놴^",,,,,,,"놴^",,,,,
#2017-07-22#,"늧",,,,,,,,,,,,,,,,,,,,,,,
#2017-07-23#,"",,,,,,,,,,,,,,,,,,,,,,,
#2017-07-24#,"깵",,,,"놴^",,,,,,,,,,,,,,,,,,,
#2017-07-25#,"괉",,,,,,,,,,,,"놴^","놴^",,,,,,,,,,
#2017-07-26#,"낸",,,,,,,,"놴^","놴^",,,,,,,,,,,,,,
#2017-07-27#,"뒞",,,,,,"놴^",,,,,,,,,,,,,,,,,
#2017-07-28#,"",,,,,,,,,,"놴^",,,,,,,,,,,,,
#2017-07-29#,"늧",,,,,,,,,,,,,,,,,,,,,,,
#2017-07-30#,"",,,,,,,,,,,,,,,,,,,,,,,
#2017-07-31#,"깵",,,,,,,,,,,,,,,,,,,,,,,
#2017-08-01#,"괉","놴^",,"놴^",,,,,,,,,,,,,,"놴^",,,"놴^",,,
#2017-08-02#,"낸",,"놴^",,,,,,,,,,,,"놴^","놴^","놴^",,,"놴^",,,,"놴^"
#2017-08-03#,"뒞",,,,,,,"놴^",,,,,,,,,,,,,,,"놴^",
#2017-08-04#,"",,,,,,,,,,,"놴^",,,,,,,"놴^",,,,,
#2017-08-05#,"늧",,,,,,,,,,,,,,,,,,,,,,,
#2017-08-06#,"",,,,,,,,,,,,,,,,,,,,,,,
#2017-08-07#,"깵",,,,,"놴^",,,,,,,,,,,,,,,,"놴^",,
#2017-08-08#,"괉",,,,,,,,,,"놴^",,"놴^","놴^",,,,,,,,,,
#2017-08-09#,"낸",,,,,,,,"놴^","놴^",,,,,,,,,,,,,,
#2017-08-10#,"뒞",,,,"놴^",,"놴^",,,,,,,,,,,,,,,,,
#2017-08-11#,"",,,,,,,,,,,,,,,,,,,,,,,
#2017-08-12#,"늧",,,,,,,,,,,,,,,,,,,,,,,
#2017-08-13#,"",,,,,,,,,,,,,,,,,,,,,,,
#2017-08-14#,"깵",,,,,,,,,,,,,,,,,,,,,,,
#2017-08-15#,"괉",,,,,,,,,,,,,,,,,,,,,,,
#2017-08-16#,"낸",,"놴^","놴^",,,,,,,,,,,"놴^","놴^","놴^",,,"놴^","놴^",,,"놴^"
#2017-08-17#,"뒞",,,,,,,"놴^",,,,,,,,,,,,,,,"놴^",
#2017-08-18#,"",,,,,,,,,,,"놴^",,,,,,"놴^","놴^",,,,,
#2017-08-19#,"늧",,,,,,,,,,,,,,,,,,,,,,,
#2017-08-20#,"",,,,,,,,,,,,,,,,,,,,,,,
#2017-08-21#,"깵",,,,,"놴^",,,,,,,,,,,,,,,,"놴^",,
#2017-08-22#,"괉",,,,,,,,,,,,"놴^","놴^",,,,,,,,,,
#2017-08-23#,"낸","놴^",,,,,,,"놴^","놴^",,,,,,,,,,,,,,
#2017-08-24#,"뒞",,,,,,"놴^",,,,,,,,,,,,,,,,,
#2017-08-25#,"",,,,,,,,,,"놴^",,,,,,,,,,,,,
#2017-08-26#,"늧",,,,,,,,,,,,,,,,,,,,,,,
#2017-08-27#,"",,,,,,,,,,,,,,,,,,,,,,,
#2017-08-28#,"깵",,,,"놴^",,,,,,,,,,,,,,,,,,,
#2017-08-29#,"괉",,,,,,,,,,,,,,,,,,,,,,,
#2017-08-30#,"낸",,,,,,,,,,,,,,,,,,,,,,,
#2017-08-31#,"뒞",,,,,,,,,,,,,,,,,,,,,,,
#2017-09-01#,"",,,,,,,,,,,"놴^",,,,,,,"놴^",,,,,
#2017-09-02#,"늧",,,,,,,,,,,,,,,,,,,,,,,
#2017-09-03#,"",,,,,,,,,,,,,,,,,,,,,,,
#2017-09-04#,"깵",,,,,"놴^",,,,,,,,,,,,,,,,"놴^",,
#2017-09-05#,"괉","놴^",,"놴^",,,,,,,,,,,,,,"놴^",,,"놴^",,,
#2017-09-06#,"낸",,"놴^",,,,,,,,,,,,"놴^","놴^","놴^",,,"놴^",,,,"놴^"
#2017-09-07#,"뒞",,,,,,,"놴^",,,,,,,,,,,,,,,"놴^",
#2017-09-08#,"",,,,,,,,,,"놴^",,,,,,,,,,,,,
#2017-09-09#,"늧",,,,,,,,,,,,,,,,,,,,,,,
#2017-09-10#,"",,,,,,,,,,,,,,,,,,,,,,,
#2017-09-11#,"깵",,,,"놴^",,,,,,,,,,,,,,,,,,,
#2017-09-12#,"괉",,,,,,,,,,,,"놴^","놴^",,,,,,,,,,
#2017-09-13#,"낸",,,,,,,,"놴^","놴^",,,,,,,,,,,,,,
#2017-09-14#,"뒞",,,,,,"놴^",,,,,,,,,,,,,,,,,
#2017-09-15#,"",,,,,,,,,,,"놴^",,,,,,,"놴^",,,,,
#2017-09-16#,"늧",,,,,,,,,,,,,,,,,,,,,,,
#2017-09-17#,"",,,,,,,,,,,,,,,,,,,,,,,
#2017-09-18#,"깵",,,,,,,,,,,,,,,,,,,,,,,
#2017-09-19#,"괉","놴^",,"놴^",,,,,,,,,,,,,,"놴^",,,"놴^",,,
#2017-09-20#,"낸",,"놴^",,,,,,,,,,,,"놴^","놴^","놴^",,,"놴^",,,,"놴^"
#2017-09-21#,"뒞",,,,,"놴^",,"놴^",,,,,,,,,,,,,,"놴^","놴^",
#2017-09-22#,"",,,,,,,,,,"놴^",,,,,,,,,,,,,
#2017-09-23#,"늧",,,,,,,,,,,,,,,,,,,,,,,
#2017-09-24#,"",,,,,,,,,,,,,,,,,,,,,,,
#2017-09-25#,"깵",,,,"놴^",,,,,,,,,,,,,,,,,,,
#2017-09-26#,"괉",,,,,,,,,,,,"놴^","놴^",,,,,,,,,,
#2017-09-27#,"낸",,,,,,,,"놴^","놴^",,,,,,,,,,,,,,
#2017-09-28#,"뒞",,,,,,"놴^",,,,,,,,,,,,,,,,,
#2017-09-29#,"",,,,,,,,,,,,,,,,,,,,,,,
#2017-09-30#,"늧",,,,,,,,,,,,,,,,,,,,,,,
#2017-10-01#,"",,,,,,,,,,,,,,,,,,,,,,,
#2017-10-02#,"깵",,,,,"놴^",,,,,,,,,,,,,,,,"놴^",,
#2017-10-03#,"괉","놴^",,"놴^",,,,,,,,,,,,,,"놴^",,,"놴^",,,
#2017-10-04#,"낸",,"놴^",,,,,,,,,,,,"놴^","놴^","놴^",,,"놴^",,,,"놴^"
#2017-10-05#,"뒞",,,,,,,"놴^",,,,,,,,,,,,,,,"놴^",
#2017-10-06#,"",,,,,,,,,,,"놴^",,,,,,,"놴^",,,,,
#2017-10-07#,"늧",,,,,,,,,,,,,,,,,,,,,,,
#2017-10-08#,"",,,,,,,,,,,,,,,,,,,,,,,
#2017-10-09#,"깵",,,,,,,,,,,,,,,,,,,,,,,
#2017-10-10#,"괉",,,,,,,,,,,,"놴^","놴^",,,,,,,,,,
#2017-10-11#,"낸",,,,,,,,"놴^","놴^",,,,,,,,,,,,,,
#2017-10-12#,"뒞",,,,"놴^",,"놴^",,,,,,,,,,,,,,,,,
#2017-10-13#,"",,,,,,,,,,"놴^",,,,,,,,,,,,,
#2017-10-14#,"늧",,,,,,,,,,,,,,,,,,,,,,,
#2017-10-15#,"",,,,,,,,,,,,,,,,,,,,,,,
#2017-10-16#,"깵",,,,,"놴^",,,,,,,,,,,,,,,,"놴^",,
#2017-10-17#,"괉","놴^",,"놴^",,,,,,,,,,,,,,"놴^",,,"놴^",,,
#2017-10-18#,"낸",,"놴^",,,,,,,,,,,,"놴^","놴^","놴^",,,"놴^",,,,"놴^"
#2017-10-19#,"뒞",,,,,,,"놴^",,,,,,,,,,,,,,,"놴^",
#2017-10-20#,"",,,,,,,,,,,"놴^",,,,,,,"놴^",,,,,
#2017-10-21#,"늧",,,,,,,,,,,,,,,,,,,,,,,
#2017-10-22#,"",,,,,,,,,,,,,,,,,,,,,,,
#2017-10-23#,"깵",,,,"놴^",,,,,,,,,,,,,,,,,,,
#2017-10-24#,"괉",,,,,,,,,,,,"놴^","놴^",,,,,,,,,,
#2017-10-25#,"낸",,,,,,,,"놴^","놴^",,,,,,,,,,,,,,
#2017-10-26#,"뒞",,,,,,"놴^",,,,,,,,,,,,,,,,,
#2017-10-27#,"",,,,,,,,,,"놴^",,,,,,,,,,,,,
#2017-10-28#,"늧",,,,,,,,,,,,,,,,,,,,,,,
#2017-10-29#,"",,,,,,,,,,,,,,,,,,,,,,,
#2017-10-30#,"깵",,,,,,,,,,,,,,,,,,,,,,,
#2017-10-31#,"괉",,,,,,,,,,,,,,,,,,,,,,,
#2017-11-01#,"낸",,"놴^",,,,,,,,,,,,"놴^","놴^","놴^",,,"놴^",,,,"놴^"
#2017-11-02#,"뒞",,,,,,,"놴^",,,,,,,,,,,,,,,"놴^",
#2017-11-03#,"",,,,,,,,,,,,,,,,,,,,,,,
#2017-11-04#,"늧",,,,,,,,,,,,,,,,,,,,,,,
#2017-11-05#,"",,,,,,,,,,,,,,,,,,,,,,,
#2017-11-06#,"깵",,,,,"놴^",,,,,,,,,,,,,,,,"놴^",,
#2017-11-07#,"괉","놴^",,"놴^",,,,,,,,,,,,,,"놴^","놴^",,"놴^",,,
#2017-11-08#,"낸",,,,,,,,"놴^","놴^",,,,,,,,,,,,,,
#2017-11-09#,"뒞",,,,,,"놴^",,,,,,,,,,,,,,,,,
#2017-11-10#,"",,,,,,,,,,"놴^","놴^",,,,,,,,,,,,
#2017-11-11#,"늧",,,,,,,,,,,,,,,,,,,,,,,
#2017-11-12#,"",,,,,,,,,,,,,,,,,,,,,,,
#2017-11-13#,"깵",,,,"놴^",,,,,,,,,,,,,,,,,,,
#2017-11-14#,"괉",,,,,,,,,,,,"놴^","놴^",,,,,,,,,,
#2017-11-15#,"낸",,"놴^",,,,,,,,,,,,"놴^","놴^","놴^",,,"놴^",,,,"놴^"
#2017-11-16#,"뒞",,,,,,,"놴^",,,,,,,,,,,,,,,"놴^",
#2017-11-17#,"",,,,,,,,,,,"놴^",,,,,,,"놴^",,,,,
#2017-11-18#,"늧",,,,,,,,,,,,,,,,,,,,,,,
#2017-11-19#,"",,,,,,,,,,,,,,,,,,,,,,,
#2017-11-20#,"깵",,,,,"놴^",,,,,,,,,,,,,,,,"놴^",,
#2017-11-21#,"괉","놴^",,"놴^",,,,,,,,,,,,,,"놴^",,,"놴^",,,
#2017-11-22#,"낸",,,,,,,,"놴^","놴^",,,,,,,,,,,,,,
#2017-11-23#,"뒞",,,,,,,,,,,,,,,,,,,,,,,
#2017-11-24#,"",,,,,,,,,,"놴^",,,,,,,,,,,,,
#2017-11-25#,"늧",,,,,,,,,,,,,,,,,,,,,,,
#2017-11-26#,"",,,,,,,,,,,,,,,,,,,,,,,
#2017-11-27#,"깵",,,,"놴^",,"놴^",,,,,,,,,,,,,,,,,
#2017-11-28#,"괉",,,,,,,,,,,,"놴^","놴^",,,,,,,,,,
#2017-11-29#,"낸",,,,,,,,,,,,,,,,,,,,,,,
#2017-11-30#,"뒞",,,,,,,,,,,,,,,,,,,,,,,
#2017-12-01#,"",,,,,,,,,,,"놴^",,,,,,,"놴^",,,,,
#2017-12-02#,"늧",,,,,,,,,,,,,,,,,,,,,,,
#2017-12-03#,"",,,,,,,,,,,,,,,,,,,,,,,
#2017-12-04#,"깵",,,,,"놴^",,,,,,,,,,,,,,,,"놴^",,
#2017-12-05#,"괉","놴^",,"놴^",,,,,,,,,,,,,,"놴^",,,"놴^",,,
#2017-12-06#,"낸",,"놴^",,,,,,,,,,,,"놴^","놴^","놴^",,,"놴^",,,,"놴^"
#2017-12-07#,"뒞",,,,,,,"놴^",,,,,,,,,,,,,,,"놴^",
#2017-12-08#,"",,,,,,,,,,"놴^",,,,,,,,,,,,,
#2017-12-09#,"늧",,,,,,,,,,,,,,,,,,,,,,,
#2017-12-10#,"",,,,,,,,,,,,,,,,,,,,,,,
#2017-12-11#,"깵",,,,"놴^",,,,,,,,,,,,,,,,,,,
#2017-12-12#,"괉",,,,,,,,,,,,"놴^","놴^",,,,,,,,,,
#2017-12-13#,"낸",,,,,,,,"놴^","놴^",,,,,,,,,,,,,,
#2017-12-14#,"뒞",,,,,,"놴^",,,,,,,,,,,,,,,,,
#2017-12-15#,"",,,,,,,,,,,"놴^",,,,,,,"놴^",,,,,
#2017-12-16#,"늧",,,,,,,,,,,,,,,,,,,,,,,
#2017-12-17#,"",,,,,,,,,,,,,,,,,,,,,,,
#2017-12-18#,"깵",,,,"놴^","놴^",,,,,,,,,,,,,,,,"놴^",,
#2017-12-19#,"괉","놴^",,"놴^",,,,,,,,,,,,,,"놴^",,,"놴^",,,
#2017-12-20#,"낸",,"놴^",,,,,,,,,,,,"놴^","놴^","놴^",,,"놴^",,,,"놴^"
#2017-12-21#,"뒞",,,,,,"놴^","놴^",,,,,,,,,,,,,,,"놴^",
#2017-12-22#,"",,,,,,,,,,"놴^",,,,,,,,,,,,,
#2017-12-23#,"늧",,,,,,,,,,,,,,,,,,,,,,,
#2017-12-24#,"",,,,,,,,,,,,,,,,,,,,,,,
#2017-12-25#,"깵",,,,,,,,,,,,,,,,,,,,,,,
#2017-12-26#,"괉",,,,,,,,,,,,"놴^","놴^",,,,,,,,,,
#2017-12-27#,"낸",,,,,,,,"놴^","놴^",,,,,,,,,,,,,,
#2017-12-28#,"뒞",,,,,,,,,,,,,,,,,,,,,,,
#2017-12-29#,"",,,,,,,,,,,,,,,,,,,,,,,
#2017-12-30#,"늧",,,,,,,,,,,,,,,,,,,,,,,
#2017-12-31#,"",,,,,,,,,,,,,,,,,,,,,,,
#2018-01-01#,"깵",,,,,,,,,,,,,,,,,,,,,,,
#2018-01-02#,"괉",,,,,,,,,,,,,,,,,,,,,,,
#2018-01-03#,"낸",,,,,,,,,,,,,,,,,,,,,,,
#2018-01-04#,"뒞",,,,,,,,,,,,,,,,,,,,,,,
#2018-01-05#,"",,,,,,,,,,,"놴^",,"놴^",,,"놴^","놴^","놴^",,,,,
#2018-01-06#,"늧",,,,,,,,,,,,,,,,,,,,,,,
#2018-01-07#,"",,,,,,,,,,,,,,,,,,,,,,,
#2018-01-08#,"깵",,,,,,,,,,,,,,,,,,,,,,,
#2018-01-09#,"괉",,,"놴^",,,,,,,,,,,,,,,,,"놴^",,,
#2018-01-10#,"낸",,,,,,,,"놴^","놴^",,,,,"놴^",,,,,,,,,
#2018-01-11#,"뒞",,,,"놴^",,"놴^","놴^",,,,,,,,,,,,,,,"놴^",
#2018-01-12#,"",,,,,,,,,,"놴^",,"놴^",,,,,,,,,,,
#2018-01-13#,"늧",,,,,,,,,,,,,,,,,,,,,,,
#2018-01-14#,"",,,,,,,,,,,,,,,,,,,,,,,
#2018-01-15#,"깵",,,,,"놴^",,,,,,,,,,,,,,,,"놴^",,
#2018-01-16#,"괉","놴^",,"놴^",,,,,,,,,,,,,,"놴^",,,"놴^",,,
#2018-01-17#,"낸",,"놴^",,,,,,,,,,,,"놴^","놴^","놴^",,,"놴^",,,,"놴^"
#2018-01-18#,"뒞",,,,,,,"놴^",,,,,,,,,,,,,,,"놴^",
#2018-01-19#,"",,,,,,,,,,,"놴^",,,,,,,"놴^",,,,,
#2018-01-20#,"늧",,,,,,,,,,,,,,,,,,,,,,,
#2018-01-21#,"",,,,,,,,,,,,,,,,,,,,,,,
#2018-01-22#,"깵",,,,"놴^","놴^",,,,,,,,,,,,,,,,"놴^",,
#2018-01-23#,"괉",,,,,,,,,,,,"놴^","놴^",,,,,,,,,,
#2018-01-24#,"낸","놴^","놴^",,,,,,"놴^","놴^",,,,,,"놴^",,,,"놴^",,,,"놴^"
#2018-01-25#,"뒞",,,,,,"놴^",,,,,,,,,,,,,,,,,
#2018-01-26#,"",,,,,,,,,,"놴^",,,,,,,,,,,,,
#2018-01-27#,"늧",,,,,,,,,,,,,,,,,,,,,,,
#2018-01-28#,"",,,,,,,,,,,,,,,,,,,,,,,
#2018-01-29#,"깵",,,,,,,,,,,,,,,,,,,,,,,
#2018-01-30#,"괉",,,,,,,,,,,,,,,,,,,,,,,
#2018-01-31#,"낸",,,,,,,,,,,,,,,,,,,,,,,
#2018-02-01#,"뒞",,,,,,,"놴^",,,,,,,,,,,,,,,"놴^",
#2018-02-02#,"",,,,,,,,,,,"놴^",,,,,,,"놴^",,,,,
#2018-02-03#,"늧",,,,,,,,,,,,,,,,,,,,,,,
#2018-02-04#,"",,,,,,,,,,,,,,,,,,,,,,,
#2018-02-05#,"깵",,,,,"놴^",,,,,,,,,,,,,,,,"놴^",,
#2018-02-06#,"괉","놴^",,"놴^",,,,,,,,,,,,,,"놴^",,,"놴^",,,
#2018-02-07#,"낸",,"놴^",,,,,,,,,,,,"놴^","놴^","놴^",,,"놴^",,,,"놴^"
#2018-02-08#,"뒞",,,,"놴^",,"놴^",,,,,,,,,,,,,,,,,
#2018-02-09#,"",,,,,,,,,,"놴^",,,,,,,,,,,,,
#2018-02-10#,"늧",,,,,,,,,,,,,,,,,,,,,,,
#2018-02-11#,"",,,,,,,,,,,,,,,,,,,,,,,
#2018-02-12#,"깵",,,,,,,,,,,,,,,,,,,,,,,
#2018-02-13#,"괉",,,,,,,,,,,,"놴^","놴^",,,,,,,,,,
#2018-02-14#,"낸",,,,,,,,"놴^","놴^",,,,,,,,,,,,,,
#2018-02-15#,"뒞",,,,,,,"놴^",,,,,,,,,,,,,,,"놴^",
#2018-02-16#,"",,,,,,,,,,,"놴^",,,,,,,"놴^",,,,,
#2018-02-17#,"늧",,,,,,,,,,,,,,,,,,,,,,,
#2018-02-18#,"",,,,,,,,,,,,,,,,,,,,,,,
#2018-02-19#,"깵",,,,,"놴^",,,,,,,,,,,,,,,,"놴^",,
#2018-02-20#,"괉","놴^",,"놴^",,,,,,,,,,,,,,"놴^",,,"놴^",,,
#2018-02-21#,"낸",,"놴^",,,,,,,,,,,,"놴^","놴^","놴^",,,"놴^",,,,"놴^"
#2018-02-22#,"뒞",,,,,,"놴^",,,,,,,,,,,,,,,,,
#2018-02-23#,"",,,,,,,,,,"놴^",,,,,,,,,,,,,
#2018-02-24#,"늧",,,,,,,,,,,,,,,,,,,,,,,
#2018-02-25#,"",,,,,,,,,,,,,,,,,,,,,,,
#2018-02-26#,"깵",,,,"놴^",,,,,,,,,,,,,,,,,,,
#2018-02-27#,"괉",,,,,,,,,,,,"놴^","놴^",,,,,,,,,,
#2018-02-28#,"낸",,,,,,,,"놴^","놴^",,,,,,,,,,,,,,
#2018-03-01#,"뒞",,,,,,,"놴^",,,,,,,,,,,,,,,"놴^",
#2018-03-02#,"",,,,,,,,,,,"놴^",,,,,,,"놴^",,,,,
#2018-03-03#,"늧",,,,,,,,,,,,,,,,,,,,,,,
#2018-03-04#,"",,,,,,,,,,,,,,,,,,,,,,,
#2018-03-05#,"깵",,,,,"놴^",,,,,,,,,,,,,,,,"놴^",,
#2018-03-06#,"괉","놴^",,"놴^",,,,,,,,,,,,,,"놴^",,,"놴^",,,
#2018-03-07#,"낸",,"놴^",,,,,,,,,,,,"놴^","놴^","놴^",,,"놴^",,,,"놴^"
#2018-03-08#,"뒞",,,,,,"놴^",,,,,,,,,,,,,,,,,
#2018-03-09#,"",,,,,,,,,,"놴^",,,,,,,,,,,,,
#2018-03-10#,"늧",,,,,,,,,,,,,,,,,,,,,,,
#2018-03-11#,"",,,,,,,,,,,,,,,,,,,,,,,
#2018-03-12#,"깵",,,,"놴^",,,,,,,,,,,,,,,,,,,
#2018-03-13#,"괉",,,,,,,,,,,,"놴^","놴^",,,,,,,,,,
#2018-03-14#,"낸",,,,,,,,"놴^","놴^",,,,,,,,,,,,,,
#2018-03-15#,"뒞",,,,,,,"놴^",,,,,,,,,,,,,,,"놴^",
#2018-03-16#,"",,,,,,,,,,,"놴^",,,,,"놴^",,"놴^",,,,,
#2018-03-17#,"늧",,,,,,,,,,,,,,,,,,,,,,,
#2018-03-18#,"",,,,,,,,,,,,,,,,,,,,,,,
#2018-03-19#,"깵",,,,,"놴^",,,,,,,,,,,,,,,,"놴^",,"놴^"
#2018-03-20#,"괉","놴^","놴^","놴^",,,,,,,,,,,,"놴^",,"놴^",,"놴^","놴^",,,
#2018-03-21#,"낸",,,,,,,,,,,,,,,,,,,,,,,
#2018-03-22#,"뒞",,,,,,"놴^",,,,,,,,,,,,,,,,,
#2018-03-23#,"",,,,,,,,,,"놴^",,,,,,,,,,,,,
#2018-03-24#,"늧",,,,,,,,,,,,,,,,,,,,,,,
#2018-03-25#,"",,,,,,,,,,,,,,,,,,,,,,,
#2018-03-26#,"깵",,,,"놴^",,,,,,,,,,,,,,,,,,,
#2018-03-27#,"괉",,,,,,,,,,,,"놴^","놴^","놴^",,,,,,,,,
#2018-03-28#,"낸",,,,,,,,"놴^","놴^",,,,,,,,,,,,,,
#2018-03-29#,"뒞",,,,,,,,,,,,,,,,,,,,,,,
#2018-03-30#,"",,,,,,,,,,,,,,,,,,,,,,,
#2018-03-31#,"늧",,,,,,,,,,,,,,,,,,,,,,,
