"N깵","듥","1","2","3","4","5","6","7","8","9","10","11","12","13","14","15","16","17","18","19","20","21","22"
#2023-04-01#,"늧",,,,,,,,,,,,,,,,,,,,,,
#2023-04-02#,"",,,,,,,,,,,,,,,,,,,,,,
#2023-04-03#,"깵",,,,,,,,,,,,,,,,"놴^",,,,,"놴^",
#2023-04-04#,"괉",,,,,,,,,"놴^",,"놴^",,,,,,,,,,,
#2023-04-05#,"낸",,"놴^",,,,,,,,,,,,,,,,,"놴^","놴^",,
#2023-04-06#,"뒞",,,,,,,,,,,,,,,"놴^",,"놴^",,,,,
#2023-04-07#,"",,,,,,,"놴^",,,,,,,,,,,,,,,
#2023-04-08#,"늧",,,,,,,,,,,,,,,,,,,,,,
#2023-04-09#,"",,,,,,,,,,,,,,,,,,,,,,
#2023-04-10#,"깵",,,,,,,,,,,,,,,,,,"놴^",,,,"놴^"
#2023-04-11#,"괉",,,,,"놴^",,,"놴^",,,,,,,,,,,,,,
#2023-04-12#,"낸","놴^",,"놴^",,,,,,,"놴^",,"놴^","놴^",,,,,,,,,
#2023-04-13#,"뒞",,,,,,,,,,,,,,"놴^",,,,,,,,
#2023-04-14#,"",,,,"놴^",,"놴^",,,,,,,,,,,,,,,,
#2023-04-15#,"늧",,,,,,,,,,,,,,,,,,,,,,
#2023-04-16#,"",,,,,,,,,,,,,,,,,,,,,,
#2023-04-17#,"깵",,,,,,,,,,,,,,,,"놴^",,,,,"놴^",
#2023-04-18#,"괉",,,,,,,,,"놴^",,"놴^",,,,,,,,,,,
#2023-04-19#,"낸",,"놴^",,,,,,,,,,,,,,,,,"놴^","놴^",,
#2023-04-20#,"뒞",,,,,,,,,,,,,,,"놴^",,"놴^",,,,,
#2023-04-21#,"",,,,,,,"놴^",,,,,,,,,,,,,,,
#2023-04-22#,"늧",,,,,,,,,,,,,,,,,,,,,,
#2023-04-23#,"",,,,,,,,,,,,,,,,,,,,,,
#2023-04-24#,"깵",,,,,,,,,,,,,,,,,,"놴^",,,,"놴^"
#2023-04-25#,"괉",,,,,"놴^",,,"놴^",,,,,,,,,,,,,,
#2023-04-26#,"낸","놴^",,"놴^",,,,,,,"놴^",,"놴^","놴^",,,,,,,,,
#2023-04-27#,"뒞",,,,,,,,,,,,,,"놴^",,,,,,,,
#2023-04-28#,"",,,,"놴^",,"놴^",,,,,,,,,,,,,,,,
#2023-04-29#,"늧",,,,,,,,,,,,,,,,,,,,,,
#2023-04-30#,"",,,,,,,,,,,,,,,,,,,,,,
#2023-05-01#,"깵",,,,,,,,,,,,,,,,,,,,,,
#2023-05-02#,"괉",,,,,,,,,,,,,,,,,,,,,,
#2023-05-03#,"낸",,"놴^",,,,,,,,,"놴^",,,,,,,,"놴^","놴^",,
#2023-05-04#,"뒞",,,,,,,,,,,,,,,,,,,,,,
#2023-05-05#,"",,,,,,,,,,,,,,,,,,,,,,
#2023-05-06#,"늧",,,,,,,,,,,,,,,,,,,,,,
#2023-05-07#,"",,,,,,,,,,,,,,,,,,,,,,
#2023-05-08#,"깵",,,,,,,,,,,,,,,"놴^","놴^",,"놴^",,,"놴^","놴^"
#2023-05-09#,"괉",,,,,"놴^",,,"놴^","놴^",,,,,,,,,,,,,
#2023-05-10#,"낸","놴^",,"놴^",,,,,,,"놴^",,"놴^","놴^",,,,,,,,,
#2023-05-11#,"뒞",,,,,,,,,,,,,,"놴^",,,"놴^",,,,,
#2023-05-12#,"",,,,"놴^",,"놴^","놴^",,,,,,,,,,,,,,,
#2023-05-13#,"늧",,,,,,,,,,,,,,,,,,,,,,
#2023-05-14#,"",,,,,,,,,,,,,,,,,,,,,,
#2023-05-15#,"깵",,,,,,,,,,,,,,,,"놴^",,,,,"놴^",
#2023-05-16#,"괉",,,,,,,,,"놴^",,"놴^",,,,,,,,,,,
#2023-05-17#,"낸",,"놴^",,,,,,,,,,,,,,,,,"놴^","놴^",,
#2023-05-18#,"뒞",,,,,,,,,,,,,,,"놴^",,"놴^",,,,,
#2023-05-19#,"",,,,,,,"놴^",,,,,,,,,,,,,,,
#2023-05-20#,"늧",,,,,,,,,,,,,,,,,,,,,,
#2023-05-21#,"",,,,,,,,,,,,,,,,,,,,,,
#2023-05-22#,"깵",,,,,,,,,,,,,,,,,,,,,,
#2023-05-23#,"괉",,,,,"놴^",,,"놴^",,,,,,,,,,,,,,
#2023-05-24#,"낸","놴^",,"놴^",,,,,,,"놴^",,"놴^","놴^",,,,,,,,,
#2023-05-25#,"뒞",,,,,,,,,,,,,,"놴^",,,,,,,,
#2023-05-26#,"",,,,"놴^",,"놴^",,,,,,,,,,,,,,,,
#2023-05-27#,"늧",,,,,,,,,,,,,,,,,,,,,,
#2023-05-28#,"",,,,,,,,,,,,,,,,,,,,,,
#2023-05-29#,"깵",,,,,,,,,,,,,,,,,,"놴^",,,,"놴^"
#2023-05-30#,"괉",,,,,,,,,,,,,,,,,,,,,,
#2023-05-31#,"낸",,,,,,,,,,,,,,,,,,,,,,
#2023-06-01#,"뒞",,,,,,,,,,,,,,,"놴^",,"놴^",,,,,
#2023-06-02#,"",,,,,,,"놴^",,,,,,,,,,,,,,,
#2023-06-03#,"늧",,,,,,,,,,,,,,,,,,,,,,
#2023-06-04#,"",,,,,,,,,,,,,,,,,,,,,,
#2023-06-05#,"깵",,,,,,,,,,,,,,,,"놴^",,,,,"놴^",
#2023-06-06#,"괉",,,,,,,,,"놴^",,"놴^",,,,,,,,,,,
#2023-06-07#,"낸",,"놴^",,,,,,,,,,,,,,,,,"놴^","놴^",,
#2023-06-08#,"뒞",,,,,,,,,,,,,,"놴^",,,,,,,,
#2023-06-09#,"",,,,"놴^",,"놴^",,,,,,,,,,,,,,,,
#2023-06-10#,"늧",,,,,,,,,,,,,,,,,,,,,,
#2023-06-11#,"",,,,,,,,,,,,,,,,,,,,,,
#2023-06-12#,"깵",,,,,,,,,,,,,,,,,,"놴^",,,,"놴^"
#2023-06-13#,"괉",,,,,"놴^",,,"놴^",,,,,,,,,,,,,,
#2023-06-14#,"낸","놴^",,"놴^",,,,,,,"놴^",,"놴^","놴^",,,,,,,,,
#2023-06-15#,"뒞",,,,,,,,,,,,,,,"놴^",,"놴^",,,,,
#2023-06-16#,"",,,,,,,"놴^",,,,,,,,,,,,,,,
#2023-06-17#,"늧",,,,,,,,,,,,,,,,,,,,,,
#2023-06-18#,"",,,,,,,,,,,,,,,,,,,,,,
#2023-06-19#,"깵",,,,,,,,,,,,,,,,"놴^",,,,,"놴^",
#2023-06-20#,"괉",,,,,,,,,"놴^",,"놴^",,,,,,,,,,,
#2023-06-21#,"낸",,"놴^",,,,,,,,,,,,,,,,,"놴^","놴^",,
#2023-06-22#,"뒞",,,,,,,,,,,,,,"놴^",,,,,,,,
#2023-06-23#,"",,,,"놴^",,"놴^",,,,,,,,,,,,,,,,
#2023-06-24#,"늧",,,,,,,,,,,,,,,,,,,,,,
#2023-06-25#,"",,,,,,,,,,,,,,,,,,,,,,
#2023-06-26#,"깵",,,,,,,,,,,,,,,,,,"놴^",,,,"놴^"
#2023-06-27#,"괉",,,,,"놴^",,,"놴^",,,,,,,,,,,,,,
#2023-06-28#,"낸","놴^",,"놴^",,,,,,,"놴^",,"놴^","놴^",,,,,,,,,
#2023-06-29#,"뒞",,,,,,,,,,,,,,,,,,,,,,
#2023-06-30#,"",,,,,,,,,,,,,,,,,,,,,,
#2023-07-01#,"늧",,,,,,,,,,,,,,,,,,,,,,
#2023-07-02#,"",,,,,,,,,,,,,,,,,,,,,,
#2023-07-03#,"깵",,,,,,,,,,,,,,,,"놴^",,,,,"놴^",
#2023-07-04#,"괉",,,,,,,,,"놴^",,"놴^",,,,,,,,,,,
#2023-07-05#,"낸",,"놴^",,,,,,,,,,,,,,,,,"놴^","놴^",,
#2023-07-06#,"뒞",,,,,,,,,,,,,,,"놴^",,"놴^",,,,,
#2023-07-07#,"",,,,,,,"놴^",,,,,,,,,,,,,,,
#2023-07-08#,"늧",,,,,,,,,,,,,,,,,,,,,,
#2023-07-09#,"",,,,,,,,,,,,,,,,,,,,,,
#2023-07-10#,"깵",,,,,,,,,,,,,,,,,,"놴^",,,,"놴^"
#2023-07-11#,"괉",,,,,"놴^",,,"놴^",,,,,,,,,,,,,,
#2023-07-12#,"낸","놴^",,"놴^",,,,,,,"놴^",,"놴^","놴^",,,,,,,,,
#2023-07-13#,"뒞",,,,,,,,,,,,,,"놴^",,,,,,,,
#2023-07-14#,"",,,,"놴^",,"놴^",,,,,,,,,,,,,,,,
#2023-07-15#,"늧",,,,,,,,,,,,,,,,,,,,,,
#2023-07-16#,"",,,,,,,,,,,,,,,,,,,,,,
#2023-07-17#,"깵",,,,,,,,,,,,,,,,"놴^",,,,,"놴^",
#2023-07-18#,"괉",,,,,,,,,"놴^",,"놴^",,,,,,,,,,,
#2023-07-19#,"낸",,"놴^",,,,,,,,,,,,,,,,,"놴^","놴^",,
#2023-07-20#,"뒞",,,,,,,,,,,,,,,"놴^",,"놴^",,,,,
#2023-07-21#,"",,,,,,,"놴^",,,,,,,,,,,,,,,
#2023-07-22#,"늧",,,,,,,,,,,,,,,,,,,,,,
#2023-07-23#,"",,,,,,,,,,,,,,,,,,,,,,
#2023-07-24#,"깵",,,,,,,,,,,,,,,,,,"놴^",,,,"놴^"
#2023-07-25#,"괉",,,,,"놴^",,,"놴^",,,,,,,,,,,,,,
#2023-07-26#,"낸","놴^",,"놴^",,,,,,,"놴^",,"놴^","놴^",,,,,,,,,
#2023-07-27#,"뒞",,,,,,,,,,,,,,"놴^",,,,,,,,
#2023-07-28#,"",,,,"놴^",,"놴^",,,,,,,,,,,,,,,,
#2023-07-29#,"늧",,,,,,,,,,,,,,,,,,,,,,
#2023-07-30#,"",,,,,,,,,,,,,,,,,,,,,,
#2023-07-31#,"깵",,,,,,,,,,,,,,,,,,,,,,
#2023-08-01#,"괉",,,,,,,,,"놴^",,"놴^",,,,,,,,,,,
#2023-08-02#,"낸",,"놴^",,,,,,,,,,,,,,,,,"놴^","놴^",,
#2023-08-03#,"뒞",,,,,,,,,,,,,,,"놴^",,"놴^",,,,,
#2023-08-04#,"",,,,,,,"놴^",,,,,,,,,,,,,,,
#2023-08-05#,"늧",,,,,,,,,,,,,,,,,,,,,,
#2023-08-06#,"",,,,,,,,,,,,,,,,,,,,,,
#2023-08-07#,"깵",,,,,,,,,,,,,,,,"놴^",,"놴^",,,"놴^","놴^"
#2023-08-08#,"괉",,,,,"놴^",,,"놴^",,,,,,,,,,,,,,
#2023-08-09#,"낸","놴^",,"놴^",,,,,,,"놴^",,"놴^","놴^",,,,,,,,,
#2023-08-10#,"뒞",,,,,,,,,,,,,,"놴^",,,,,,,,
#2023-08-11#,"",,,,"놴^",,"놴^",,,,,,,,,,,,,,,,
#2023-08-12#,"늧",,,,,,,,,,,,,,,,,,,,,,
#2023-08-13#,"",,,,,,,,,,,,,,,,,,,,,,
#2023-08-14#,"깵",,,,,,,,,,,,,,,,,,,,,,
#2023-08-15#,"괉",,,,,,,,,,,,,,,,,,,,,,
#2023-08-16#,"낸",,,,,,,,,,,,,,,,,,,,,,
#2023-08-17#,"뒞",,,,,,,,,,,,,,,"놴^",,"놴^",,,,,
#2023-08-18#,"",,"놴^",,,,,"놴^",,,,,,,,,,,,,,,
#2023-08-19#,"늧",,,,,,,,,,,,,,,,,,,,,,
#2023-08-20#,"",,,,,,,,,,,,,,,,,,,,,,
#2023-08-21#,"깵",,,,,,,,,,,,,,,,"놴^",,,,"놴^","놴^",
#2023-08-22#,"괉",,,,,"놴^",,,"놴^","놴^",,"놴^",,,,,,,,,,,
#2023-08-23#,"낸","놴^",,"놴^",,,,,,,"놴^",,"놴^","놴^",,,,,,"놴^",,,
#2023-08-24#,"뒞",,,,,,,,,,,,,,"놴^",,,,,,,,
#2023-08-25#,"",,,,"놴^",,"놴^",,,,,,,,,,,,,,,,
#2023-08-26#,"늧",,,,,,,,,,,,,,,,,,,,,,
#2023-08-27#,"",,,,,,,,,,,,,,,,,,,,,,
#2023-08-28#,"깵",,,,,,,,,,,,,,,,,,"놴^",,,,"놴^"
#2023-08-29#,"괉",,,,,,,,,,,,,,,,,,,,,,
#2023-08-30#,"낸",,,,,,,,,,,,,,,,,,,,,,
#2023-08-31#,"뒞",,,,,,,,,,,,,,,,,,,,,,
#2023-09-01#,"",,,,,,,"놴^",,,,,,,,,,,,,,,
#2023-09-02#,"늧",,,,,,,,,,,,,,,,,,,,,,
#2023-09-03#,"",,,,,,,,,,,,,,,,,,,,,,
#2023-09-04#,"깵",,,,,,,,,,,,,,,,"놴^",,,,,"놴^",
#2023-09-05#,"괉",,,,,,,,,"놴^",,"놴^",,,,,,,,,,,
#2023-09-06#,"낸",,"놴^",,,,,,,,,,,,,,,,,"놴^","놴^",,
#2023-09-07#,"뒞",,,,,,,,,,,,,,,"놴^",,"놴^",,,,,
#2023-09-08#,"",,,,"놴^",,"놴^",,,,,,,,,,,,,,,,
#2023-09-09#,"늧",,,,,,,,,,,,,,,,,,,,,,
#2023-09-10#,"",,,,,,,,,,,,,,,,,,,,,,
#2023-09-11#,"깵",,,,,,,,,,,,,,,,,,"놴^",,,,"놴^"
#2023-09-12#,"괉",,,,,"놴^",,,"놴^",,,,,,,,,,,,,,
#2023-09-13#,"낸","놴^",,"놴^",,,,,,,"놴^",,"놴^","놴^",,,,,,,,,
#2023-09-14#,"뒞",,,,,,,,,,,,,,"놴^",,,,,,,,
#2023-09-15#,"",,,,,,,"놴^",,,,,,,,,,,,,,,
#2023-09-16#,"늧",,,,,,,,,,,,,,,,,,,,,,
#2023-09-17#,"",,,,,,,,,,,,,,,,,,,,,,
#2023-09-18#,"깵",,,,,,,,,,,,,,,,"놴^",,,,,"놴^",
#2023-09-19#,"괉",,,,,,,,,"놴^",,"놴^",,,,,,,,,,,
#2023-09-20#,"낸",,"놴^",,,,,,,,,,,,,,,,,"놴^","놴^",,
#2023-09-21#,"뒞",,,,,,,,,,,,,,,"놴^",,"놴^",,,,,
#2023-09-22#,"",,,,"놴^",,"놴^",,,,,,,,,,,,,,,,
#2023-09-23#,"늧",,,,,,,,,,,,,,,,,,,,,,
#2023-09-24#,"",,,,,,,,,,,,,,,,,,,,,,
#2023-09-25#,"깵",,,,,,,,,,,,,,,,,,"놴^",,,,"놴^"
#2023-09-26#,"괉",,,,,"놴^",,,"놴^",,,,,,,,,,,,,,
#2023-09-27#,"낸","놴^",,"놴^",,,,,,,"놴^",,"놴^","놴^",,,,,,,,,
#2023-09-28#,"뒞",,,,,,,,,,,,,,"놴^",,,,,,,,
#2023-09-29#,"",,,,,,,,,,,,,,,,,,,,,,
#2023-09-30#,"늧",,,,,,,,,,,,,,,,,,,,,,
#2023-10-01#,"",,,,,,,,,,,,,,,,,,,,,,
#2023-10-02#,"깵",,,,,,,,,,,,,,,,"놴^",,,,,"놴^",
#2023-10-03#,"괉",,,,,,,,,"놴^",,"놴^",,,,,,,,,,,
#2023-10-04#,"낸",,"놴^",,,,,,,,,,,,,,,,,"놴^","놴^",,
#2023-10-05#,"뒞",,,,,,,,,,,,,,,"놴^",,"놴^",,,,,
#2023-10-06#,"",,,,,,,"놴^",,,,,,,,,,,,,,,
#2023-10-07#,"늧",,,,,,,,,,,,,,,,,,,,,,
#2023-10-08#,"",,,,,,,,,,,,,,,,,,,,,,
#2023-10-09#,"깵",,,,,,,,,,,,,,,,,,"놴^",,,,"놴^"
#2023-10-10#,"괉",,,,,"놴^",,,"놴^",,,,,,,,,,,,,,
#2023-10-11#,"낸","놴^",,"놴^",,,,,,,"놴^",,"놴^","놴^",,,,,,,,,
#2023-10-12#,"뒞",,,,,,,,,,,,,,"놴^",,,,,,,,
#2023-10-13#,"",,,,"놴^",,"놴^",,,,,,,,,,,,,,,,
#2023-10-14#,"늧",,,,,,,,,,,,,,,,,,,,,,
#2023-10-15#,"",,,,,,,,,,,,,,,,,,,,,,
#2023-10-16#,"깵",,,,,,,,,,,,,,,,"놴^",,,,,"놴^",
#2023-10-17#,"괉",,,,,,,,,"놴^",,"놴^",,,,,,,,,,,
#2023-10-18#,"낸",,"놴^",,,,,,,,,,,,,,,,,"놴^","놴^",,
#2023-10-19#,"뒞",,,,,,,,,,,,,,,"놴^",,"놴^",,,,,
#2023-10-20#,"",,,,,,,"놴^",,,,,,,,,,,,,,,
#2023-10-21#,"늧",,,,,,,,,,,,,,,,,,,,,,
#2023-10-22#,"",,,,,,,,,,,,,,,,,,,,,,
#2023-10-23#,"깵",,,,,,,,,,,,,,,,,,"놴^",,,,"놴^"
#2023-10-24#,"괉",,,,,"놴^",,,"놴^",,,,,,,,,,,,,,
#2023-10-25#,"낸","놴^",,"놴^",,,,,,,"놴^",,"놴^","놴^",,,,,,,,,
#2023-10-26#,"뒞",,,,,,,,,,,,,,"놴^",,,,,,,,
#2023-10-27#,"",,,,"놴^",,"놴^",,,,,,,,,,,,,,,,
#2023-10-28#,"늧",,,,,,,,,,,,,,,,,,,,,,
#2023-10-29#,"",,,,,,,,,,,,,,,,,,,,,,
#2023-10-30#,"깵",,,,,,,,,,,,,,,,,,,,,,
#2023-10-31#,"괉",,,,,,,,,,,,,,,,,,,,,,
#2023-11-01#,"낸",,"놴^",,,,,,,,,,,,,,,,,"놴^","놴^",,
#2023-11-02#,"뒞",,,,,,,,,,,,,,,"놴^",,"놴^",,,,,
#2023-11-03#,"",,,,,,,"놴^",,,,,,,,,,,,,,,
#2023-11-04#,"늧",,,,,,,,,,,,,,,,,,,,,,
#2023-11-05#,"",,,,,,,,,,,,,,,,,,,,,,
#2023-11-06#,"깵",,,,,,,,,,,,,,,,"놴^",,,,,"놴^",
#2023-11-07#,"괉",,,,,,,,,"놴^",,"놴^",,,,,,,,,,,
#2023-11-08#,"낸","놴^",,"놴^",,,,,,,"놴^",,"놴^","놴^",,,,,,,,,
#2023-11-09#,"뒞",,,,,,,,,,,,,,"놴^",,,,,,,,
#2023-11-10#,"",,,,"놴^",,"놴^",,,,,,,,,,,,,,,,
#2023-11-11#,"늧",,,,,,,,,,,,,,,,,,,,,,
#2023-11-12#,"",,,,,,,,,,,,,,,,,,,,,,
#2023-11-13#,"깵",,,,,,,,,,,,,,,,,,"놴^",,,,"놴^"
#2023-11-14#,"괉",,,,,"놴^",,,"놴^",,,,,,,,,,,,,,
#2023-11-15#,"낸",,"놴^",,,,,,,,,,,,,,,,,"놴^","놴^",,
#2023-11-16#,"뒞",,,,,,,,,,,,,,,"놴^",,"놴^",,,,,
#2023-11-17#,"",,,,,,,"놴^",,,,,,,,,,,,,,,
#2023-11-18#,"늧",,,,,,,,,,,,,,,,,,,,,,
#2023-11-19#,"",,,,,,,,,,,,,,,,,,,,,,
#2023-11-20#,"깵",,,,,,,,,,,,,,,,"놴^",,,,,"놴^",
#2023-11-21#,"괉",,,,,,,,,"놴^",,"놴^",,,,,,,,,,,
#2023-11-22#,"낸","놴^",,"놴^",,,,,,,"놴^",,"놴^","놴^",,,,,,,,,
#2023-11-23#,"뒞",,,,,,,,,,,,,,"놴^",,,,,,,,
#2023-11-24#,"",,,,"놴^",,"놴^",,,,,,,,,,,,,,,,
#2023-11-25#,"늧",,,,,,,,,,,,,,,,,,,,,,
#2023-11-26#,"",,,,,,,,,,,,,,,,,,,,,,
#2023-11-27#,"깵",,,,,,,,,,,,,,,,,,"놴^",,,,"놴^"
#2023-11-28#,"괉",,,,,"놴^",,,"놴^",,,,,,,,,,,,,,
#2023-11-29#,"낸",,,,,,,,,,,,,,,,,,,,,,
#2023-11-30#,"뒞",,,,,,,,,,,,,,,,,,,,,,
#2023-12-01#,"",,,,,,,"놴^",,,,,,,,,,,,,,,
#2023-12-02#,"늧",,,,,,,,,,,,,,,,,,,,,,
#2023-12-03#,"",,,,,,,,,,,,,,,,,,,,,,
#2023-12-04#,"깵",,,,,,,,,,,,,,,,"놴^",,,,,"놴^",
#2023-12-05#,"괉",,,,,,,,,"놴^",,"놴^",,,,,,,,,,,
#2023-12-06#,"낸",,"놴^",,,,,,,,,,,,,,,,,"놴^","놴^",,
#2023-12-07#,"뒞",,,,,,,,,,,,,,,"놴^",,"놴^",,,,,
#2023-12-08#,"",,,,"놴^",,"놴^",,,,,,,,,,,,,,,,
#2023-12-09#,"늧",,,,,,,,,,,,,,,,,,,,,,
#2023-12-10#,"",,,,,,,,,,,,,,,,,,,,,,
#2023-12-11#,"깵",,,,,,,,,,,,,,,,,,"놴^",,,,"놴^"
#2023-12-12#,"괉",,,,,"놴^",,,"놴^",,,,,,,,,,,,,,
#2023-12-13#,"낸","놴^",,"놴^",,,,,,,"놴^",,"놴^","놴^",,,,,,,,,
#2023-12-14#,"뒞",,,,,,,,,,,,,,"놴^",,,,,,,,
#2023-12-15#,"",,,,,,,"놴^",,,,,,,,,,,,,,,
#2023-12-16#,"늧",,,,,,,,,,,,,,,,,,,,,,
#2023-12-17#,"",,,,,,,,,,,,,,,,,,,,,,
#2023-12-18#,"깵",,,,,,,,,,,,,,,,"놴^",,,,,"놴^",
#2023-12-19#,"괉",,,,,,,,,"놴^",,"놴^",,,,,,,,,,,
#2023-12-20#,"낸",,"놴^",,,,,,,,,,,,,,,,,"놴^","놴^",,
#2023-12-21#,"뒞",,,,,,,,,,,,,,,"놴^",,"놴^",,,,,
#2023-12-22#,"",,,,"놴^",,"놴^",,,,,,,,,,,,,,,,
#2023-12-23#,"늧",,,,,,,,,,,,,,,,,,,,,,
#2023-12-24#,"",,,,,,,,,,,,,,,,,,,,,,
#2023-12-25#,"깵",,,,,,,,,,,,,,"놴^",,,,"놴^",,,,"놴^"
#2023-12-26#,"괉",,,,,"놴^",,,"놴^",,,,,,,,,,,,,,
#2023-12-27#,"낸","놴^",,"놴^",,,,,,,"놴^",,"놴^","놴^",,,,,,,,,
#2023-12-28#,"뒞",,,,,,,,,,,,,,,,,,,,,,
#2023-12-29#,"",,,,,,,,,,,,,,,,,,,,,,
#2023-12-30#,"늧",,,,,,,,,,,,,,,,,,,,,,
#2023-12-31#,"",,,,,,,,,,,,,,,,,,,,,,
#2024-01-01#,"깵",,,,,,,,,,,,,,,,,,,,,,
#2024-01-02#,"괉",,,,,,,,,,,,,,,,,,,,,,
#2024-01-03#,"낸",,,,,,,,,,,,,,,,,,,,,,
#2024-01-04#,"뒞",,,,,,,,,,,,,,,,,,,,,,
#2024-01-05#,"",,"놴^",,,,,"놴^",,,,,,,,,,,,,,,
#2024-01-06#,"늧",,,,,,,,,,,,,,,,,,,,,,
#2024-01-07#,"",,,,,,,,,,,,,,,,,,,,,,
#2024-01-08#,"깵",,,,,,,,,,,,,,,,"놴^",,"놴^",,,"놴^","놴^"
#2024-01-09#,"괉",,,,,"놴^",,,"놴^","놴^",,"놴^",,,,,,,,,,,
#2024-01-10#,"낸","놴^",,"놴^",,,,,,,"놴^",,"놴^","놴^",,,,,,"놴^","놴^",,
#2024-01-11#,"뒞",,,,,,,,,,,,,,"놴^","놴^",,"놴^",,,,,
#2024-01-12#,"",,,,"놴^",,"놴^",,,,,,,,,,,,,,,,
#2024-01-13#,"늧",,,,,,,,,,,,,,,,,,,,,,
#2024-01-14#,"",,,,,,,,,,,,,,,,,,,,,,
#2024-01-15#,"깵",,,,,,,,,,,,,,,,"놴^",,,,,"놴^",
#2024-01-16#,"괉",,,,,,,,,"놴^",,"놴^",,,,,,,,,,,
#2024-01-17#,"낸",,"놴^",,,,,,,,,,,,,,,,,"놴^","놴^",,
#2024-01-18#,"뒞",,,,,,,,,,,,,,,"놴^",,"놴^",,,,,
#2024-01-19#,"",,,,,,,"놴^",,,,,,,,,,,,,,,
#2024-01-20#,"늧",,,,,,,,,,,,,,,,,,,,,,
#2024-01-21#,"",,,,,,,,,,,,,,,,,,,,,,
#2024-01-22#,"깵",,,,,,,,,,,,,,,,,,"놴^",,,,"놴^"
#2024-01-23#,"괉",,,,,"놴^",,,"놴^",,,,,,,,,,,,,,
#2024-01-24#,"낸","놴^",,"놴^",,,,,,,"놴^",,"놴^","놴^",,,,,,,,,
#2024-01-25#,"뒞",,,,,,,,,,,,,,"놴^",,,,,,,,
#2024-01-26#,"",,,,"놴^",,"놴^",,,,,,,,,,,,,,,,
#2024-01-27#,"늧",,,,,,,,,,,,,,,,,,,,,,
#2024-01-28#,"",,,,,,,,,,,,,,,,,,,,,,
#2024-01-29#,"깵",,,,,,,,,,,,,,,,,,,,,,
#2024-01-30#,"괉",,,,,,,,,,,,,,,,,,,,,,
#2024-01-31#,"낸",,,,,,,,,,,,,,,,,,,,,,
#2024-02-01#,"뒞",,,,,,,,,,,,,,,"놴^",,"놴^",,,,,
#2024-02-02#,"",,,,,,,"놴^",,,,,,,,,,,,,,,
#2024-02-03#,"늧",,,,,,,,,,,,,,,,,,,,,,
#2024-02-04#,"",,,,,,,,,,,,,,,,,,,,,,
#2024-02-05#,"깵",,,,,,,,,,,,,,,,"놴^",,,,,"놴^",
#2024-02-06#,"괉",,,,,,,,,"놴^",,"놴^",,,,,,,,,,,
#2024-02-07#,"낸",,"놴^",,,,,,,,,,,,,,,,,"놴^","놴^",,
#2024-02-08#,"뒞",,,,,,,,,,,,,,"놴^",,,,,,,,
#2024-02-09#,"",,,,"놴^",,"놴^",,,,,,,,,,,,,,,,
#2024-02-10#,"늧",,,,,,,,,,,,,,,,,,,,,,
#2024-02-11#,"",,,,,,,,,,,,,,,,,,,,,,
#2024-02-12#,"깵",,,,,,,,,,,,,,,,,,"놴^",,,,"놴^"
#2024-02-13#,"괉",,,,,"놴^",,,"놴^",,,,,,,,,,,,,,
#2024-02-14#,"낸","놴^",,"놴^",,,,,,,"놴^",,"놴^","놴^",,,,,,,,,
#2024-02-15#,"뒞",,,,,,,,,,,,,,,"놴^",,"놴^",,,,,
#2024-02-16#,"",,,,"놴^",,,"놴^",,,,,,,,,,,,,,,
#2024-02-17#,"늧",,,,,,,,,,,,,,,,,,,,,,
#2024-02-18#,"",,,,,,,,,,,,,,,,,,,,,,
#2024-02-19#,"깵",,,,,,,,,,,,,,,,"놴^",,,,,"놴^",
#2024-02-20#,"괉",,,,,,"놴^",,,"놴^",,"놴^",,,,,,,,,,,
#2024-02-21#,"낸",,"놴^",,,,,,,,,,,,,,,,,"놴^","놴^",,
#2024-02-22#,"뒞",,,,,,,,,,,,,,"놴^",,,,,,,,
#2024-02-23#,"",,,,,,,,,,,,,,,,,,,,,,
#2024-02-24#,"늧",,,,,,,,,,,,,,,,,,,,,,
#2024-02-25#,"",,,,,,,,,,,,,,,,,,,,,,
#2024-02-26#,"깵",,,,,,,,,,,,,,,,,,"놴^",,,,"놴^"
#2024-02-27#,"괉",,,,,"놴^",,,"놴^",,,,,,,,,,,,,,
#2024-02-28#,"낸","놴^",,"놴^",,,,,,,"놴^",,"놴^","놴^",,,,,,,,,
#2024-02-29#,"뒞",,,,,,,,,,,,,,,,,,,,,,
#2024-03-01#,"",,,,,,,"놴^",,,,,,,,,,,,,,,
#2024-03-02#,"늧",,,,,,,,,,,,,,,,,,,,,,
#2024-03-03#,"",,,,,,,,,,,,,,,,,,,,,,
#2024-03-04#,"깵",,,,,,,,,,,,,,,,"놴^",,,,,"놴^",
#2024-03-05#,"괉",,,,,,,,,"놴^",,"놴^",,,,,,,,,,,
#2024-03-06#,"낸",,"놴^",,,,,,,,,,,,,,,,,"놴^","놴^",,
#2024-03-07#,"뒞",,,,,,,,,,,,,,,"놴^",,"놴^",,,,,
#2024-03-08#,"",,,,"놴^",,"놴^",,,,,,,,,,,,,,,,
#2024-03-09#,"늧",,,,,,,,,,,,,,,,,,,,,,
#2024-03-10#,"",,,,,,,,,,,,,,,,,,,,,,
#2024-03-11#,"깵",,,,,,,,,,,,,,,,,,"놴^",,,,"놴^"
#2024-03-12#,"괉",,,,,"놴^",,,"놴^",,,,,,,,,,,,,,
#2024-03-13#,"낸","놴^",,"놴^",,,,,,,"놴^",,"놴^","놴^",,,,,,,,,
#2024-03-14#,"뒞",,,,,,,,,,,,,,"놴^",,,,,,,,
#2024-03-15#,"",,,,,,,"놴^",,,,,,,,,,,,,,,
#2024-03-16#,"늧",,,,,,,,,,,,,,,,,,,,,,
#2024-03-17#,"",,,,,,,,,,,,,,,,,,,,,,
#2024-03-18#,"깵",,,,,,,,,,,,,,,,"놴^",,,,,"놴^",
#2024-03-19#,"괉",,,,,,,,,"놴^",,"놴^",,,,,,,,,,,
#2024-03-20#,"낸",,"놴^",,,,,,,,,,,,,,,,,"놴^","놴^",,
#2024-03-21#,"뒞",,,,,,,,,,,,,,,"놴^",,"놴^",,,,,
#2024-03-22#,"",,,,"놴^",,"놴^",,,,,,,,,,,,,,,,
#2024-03-23#,"늧",,,,,,,,,,,,,,,,,,,,,,
#2024-03-24#,"",,,,,,,,,,,,,,,,,,,,,,
#2024-03-25#,"깵",,,,,,,,,,,,,,,,,,"놴^",,,,"놴^"
#2024-03-26#,"괉",,,,,"놴^",,,"놴^",,,,,,,,,,,,,,
#2024-03-27#,"낸","놴^",,"놴^",,,,,,,"놴^",,"놴^","놴^",,,,,,,,,
#2024-03-28#,"뒞",,,,,,,,,,,,,,"놴^",,,,,,,,
#2024-03-29#,"",,,,,,,,,,,,,,,,,,,,,,
#2024-03-30#,"늧",,,,,,,,,,,,,,,,,,,,,,
#2024-03-31#,"",,,,,,,,,,,,,,,,,,,,,,
